id,user_id,tour_id,number_of_people,total_price,booking_date,status,created_at
6,10,10,1,180000.0,2026-05-31,confirmed,2026-05-24 03:57:32
7,10,11,1,70000.0,2026-05-30,cancelled,2026-05-24 04:10:03
8,10,10,1,180000.0,2026-05-31,cancelled,2026-05-24 04:31:26
9,10,10,2,180000.0,2026-05-31,confirmed,2026-05-24 04:34:54
10,10,12,1,4000000.0,2026-06-24,confirmed,2026-05-24 04:41:15
11,10,15,1,722222.0,2026-06-08,cancelled,2026-05-24 12:02:59
12,10,15,1,722222.0,2026-06-08,cancelled,2026-05-24 12:03:01
13,27,11,4,70000.0,2026-05-30,confirmed,2026-05-24 15:19:32
14,10,11,1,70000.0,2026-05-30,confirmed,2026-05-24 15:24:36
15,10,12,1,4000000.0,2026-06-24,confirmed,2026-05-24 15:28:04
16,10,24,1,1000000.0,2026-05-27,confirmed,2026-05-26 05:00:37
17,31,161,1,1500000.0,2026-07-05,confirmed,2025-03-06 00:22:37
18,31,162,1,150000.0,2026-03-19,confirmed,2025-10-28 01:54:41
19,30,164,2,300000.0,2026-03-24,cancelled,2025-03-13 02:24:13
20,29,163,4,3000000.0,2025-07-16,cancelled,2025-04-13 07:55:32
21,30,164,4,600000.0,2026-03-24,confirmed,2025-10-09 11:52:15
22,30,166,2,6000000.0,2026-01-12,confirmed,2025-12-30 13:22:57
23,31,166,5,15000000.0,2026-01-12,pending,2025-07-12 21:12:49
24,29,165,2,2000000.0,2026-04-06,confirmed,2025-10-16 17:04:17
25,33,166,3,9000000.0,2026-01-12,confirmed,2025-05-21 08:56:34
26,32,166,3,9000000.0,2026-01-12,confirmed,2026-01-11 01:30:14
27,128,348,4,1400000.0,2027-07-12,confirmed,2025-01-21 09:50:29
28,117,240,1,500000.0,2026-10-05,cancelled,2026-08-09 04:54:04
29,76,303,5,3750000.0,2026-03-14,pending,2025-12-19 23:56:04
30,123,332,1,1000000.0,2027-07-30,confirmed,2027-02-10 01:17:13
31,92,352,1,1000000.0,2027-03-17,pending,2025-05-29 10:41:55
32,80,372,2,700000.0,2027-01-26,cancelled,2025-10-17 15:12:08
33,98,203,3,2250000.0,2026-11-16,pending,2026-01-17 00:09:15
34,97,358,3,1500000.0,2026-05-21,confirmed,2025-11-13 16:40:19
35,43,200,5,25000000.0,2026-11-07,confirmed,2025-09-10 01:29:14
36,121,257,2,500000.0,2026-08-10,confirmed,2026-03-24 01:30:59
37,108,272,4,1000000.0,2027-04-29,cancelled,2026-03-23 04:38:00
38,92,297,5,7500000.0,2025-12-14,confirmed,2025-11-20 12:20:56
39,18,357,1,7000000.0,2026-11-01,cancelled,2025-03-23 14:25:11
40,86,274,2,14000000.0,2025-05-19,confirmed,2025-05-04 18:57:18
41,93,235,1,350000.0,2026-04-17,cancelled,2025-08-01 07:18:04
42,121,197,5,25000000.0,2027-05-10,confirmed,2026-08-15 13:32:08
43,121,292,1,1000000.0,2025-08-22,confirmed,2025-01-09 17:23:49
44,79,222,3,3000000.0,2025-04-14,confirmed,2025-03-27 21:46:52
45,61,262,4,2000000.0,2026-03-31,cancelled,2025-02-15 12:28:19
46,23,360,1,750000.0,2025-06-24,pending,2025-03-05 20:29:23
47,90,260,2,300000.0,2026-02-12,confirmed,2025-09-22 15:49:45
48,57,189,3,3000000.0,2025-07-03,confirmed,2025-01-12 04:26:01
49,106,313,1,750000.0,2025-08-22,confirmed,2025-03-23 05:38:49
50,56,367,3,450000.0,2025-08-24,confirmed,2025-07-22 21:26:30
51,31,377,2,2000000.0,2025-10-08,cancelled,2025-05-25 20:28:51
52,27,187,3,9000000.0,2025-06-24,pending,2025-01-01 08:18:38
53,22,231,1,350000.0,2027-05-07,pending,2026-10-30 23:10:00
54,50,333,1,150000.0,2026-02-11,confirmed,2025-08-13 16:37:22
55,38,182,2,10000000.0,2026-12-12,confirmed,2026-09-06 07:00:25
56,102,234,3,750000.0,2027-03-21,pending,2026-08-20 18:53:49
57,20,298,4,600000.0,2026-12-29,pending,2025-08-01 01:14:56
58,100,249,5,25000000.0,2026-04-19,cancelled,2025-07-30 10:54:38
59,85,360,1,750000.0,2025-06-24,confirmed,2025-04-03 17:53:44
60,101,265,5,5000000.0,2026-01-03,confirmed,2025-04-30 16:28:50
61,41,208,4,600000.0,2025-04-29,cancelled,2025-04-24 22:04:30
62,121,305,3,750000.0,2027-07-16,confirmed,2025-09-17 08:30:16
63,103,285,5,750000.0,2027-06-11,pending,2025-06-12 09:30:11
64,36,334,1,150000.0,2027-08-23,cancelled,2025-10-06 03:41:47
65,84,183,2,2000000.0,2026-04-21,confirmed,2026-02-02 14:49:14
66,72,213,3,450000.0,2026-07-27,pending,2025-06-19 14:24:00
67,81,208,3,450000.0,2025-04-29,confirmed,2025-02-19 19:25:48
68,43,361,5,2500000.0,2027-05-08,cancelled,2026-09-16 20:55:26
69,55,270,1,1500000.0,2025-09-28,cancelled,2025-07-10 03:49:41
70,90,286,1,3000000.0,2026-03-28,confirmed,2025-04-10 21:02:36
71,89,275,5,7500000.0,2025-11-24,confirmed,2025-08-29 06:08:04
72,41,291,2,1000000.0,2026-02-22,cancelled,2025-04-24 14:51:08
73,20,279,5,50000000.0,2026-11-20,confirmed,2026-07-01 10:26:40
74,128,215,4,6000000.0,2027-01-10,confirmed,2026-04-21 04:25:33
75,83,375,3,9000000.0,2027-02-25,confirmed,2026-02-18 11:41:14
76,71,332,2,2000000.0,2027-07-30,confirmed,2027-01-10 03:02:17
77,98,243,5,2500000.0,2025-12-30,cancelled,2025-01-14 17:42:24
78,26,330,4,3000000.0,2025-05-02,cancelled,2025-04-04 14:54:03
79,62,266,1,500000.0,2025-09-19,confirmed,2025-04-29 23:50:48
80,117,337,5,7500000.0,2026-04-04,confirmed,2025-08-25 03:42:32
81,125,279,1,10000000.0,2026-11-20,confirmed,2025-12-10 07:12:47
82,98,191,2,10000000.0,2025-12-11,pending,2025-06-27 00:58:32
83,120,249,1,5000000.0,2026-04-19,cancelled,2025-12-31 19:35:59
84,122,289,3,1500000.0,2027-09-08,confirmed,2025-02-18 06:22:54
85,81,288,2,3000000.0,2027-09-15,pending,2025-11-26 01:35:27
86,92,226,1,150000.0,2025-08-02,confirmed,2025-07-23 14:03:24
87,45,329,5,1750000.0,2025-06-24,confirmed,2025-04-07 03:21:25
88,77,183,2,2000000.0,2026-04-21,cancelled,2026-03-19 23:02:11
89,25,314,3,3000000.0,2026-12-17,confirmed,2025-12-30 14:45:05
90,113,303,5,3750000.0,2026-03-14,confirmed,2025-02-24 06:20:55
91,83,307,2,1000000.0,2025-07-31,cancelled,2025-01-09 19:43:31
92,58,336,2,300000.0,2026-04-02,cancelled,2025-02-11 13:59:35
93,51,319,2,1000000.0,2026-04-16,confirmed,2025-06-12 07:43:09
94,68,312,1,10000000.0,2026-01-11,pending,2025-12-29 01:56:44
95,91,342,3,450000.0,2025-06-12,confirmed,2025-05-13 11:18:48
96,108,257,1,250000.0,2026-08-10,confirmed,2025-03-21 00:05:06
97,80,282,3,15000000.0,2027-03-03,cancelled,2026-03-29 19:34:33
98,123,335,2,700000.0,2027-02-09,confirmed,2026-11-30 07:37:23
99,116,289,1,500000.0,2027-09-08,cancelled,2025-09-02 14:26:05
100,29,238,4,28000000.0,2027-01-28,confirmed,2025-03-23 13:02:53
101,99,206,5,25000000.0,2027-01-31,confirmed,2025-09-18 05:05:57
102,53,297,1,1500000.0,2025-12-14,confirmed,2025-01-21 15:16:49
103,18,272,2,500000.0,2027-04-29,confirmed,2027-04-24 11:59:27
104,87,257,4,1000000.0,2026-08-10,cancelled,2026-07-12 08:20:48
105,84,317,5,15000000.0,2025-07-04,confirmed,2025-03-17 13:58:30
106,119,210,1,1500000.0,2025-09-11,pending,2025-02-27 09:16:34
107,48,188,1,7000000.0,2026-01-24,confirmed,2025-08-04 03:08:34
108,68,271,4,2000000.0,2026-02-17,pending,2025-01-07 23:51:01
109,105,321,2,1000000.0,2025-12-10,confirmed,2025-11-10 00:56:26
110,69,306,2,4000000.0,2027-03-17,confirmed,2025-09-16 04:49:14
111,35,255,4,1000000.0,2025-02-24,cancelled,2025-01-29 16:45:27
112,114,298,2,300000.0,2026-12-29,pending,2025-10-27 05:19:28
113,77,317,3,9000000.0,2025-07-04,confirmed,2025-02-13 08:56:46
114,42,271,1,500000.0,2026-02-17,confirmed,2025-09-13 01:13:19
115,100,216,2,1000000.0,2026-04-26,cancelled,2025-10-17 03:54:58
116,43,351,3,21000000.0,2026-07-17,cancelled,2025-09-14 19:13:48
117,58,209,4,2000000.0,2026-04-05,confirmed,2025-11-02 14:26:13
118,51,263,1,7000000.0,2026-02-16,pending,2025-09-27 21:10:30
119,61,216,1,500000.0,2026-04-26,cancelled,2025-05-22 10:11:08
120,36,344,1,7000000.0,2025-11-18,confirmed,2025-10-22 03:37:45
121,71,292,5,5000000.0,2025-08-22,cancelled,2025-06-25 19:06:24
122,102,191,3,15000000.0,2025-12-11,confirmed,2025-04-09 10:39:04
123,102,245,1,7000000.0,2026-04-29,confirmed,2025-02-20 02:47:36
124,43,255,1,250000.0,2025-02-24,pending,2025-02-24 16:54:01
125,74,368,1,2000000.0,2026-08-27,confirmed,2026-05-20 15:09:59
126,71,241,1,1500000.0,2025-08-25,confirmed,2025-02-18 14:41:40
127,86,307,1,500000.0,2025-07-31,pending,2025-06-19 02:55:31
128,105,360,5,3750000.0,2025-06-24,cancelled,2025-05-14 09:20:45
129,107,223,5,1250000.0,2027-10-09,confirmed,2026-03-13 09:44:59
130,73,319,4,2000000.0,2026-04-16,pending,2025-10-14 03:32:50
131,47,268,3,3000000.0,2027-08-22,cancelled,2026-05-07 18:44:30
132,54,355,3,21000000.0,2027-02-04,cancelled,2025-05-12 02:59:20
133,100,319,1,500000.0,2026-04-16,pending,2025-10-15 05:18:22
134,116,367,5,750000.0,2025-08-24,confirmed,2025-05-11 07:29:36
135,65,276,1,10000000.0,2027-07-14,confirmed,2025-08-06 18:09:39
136,88,213,3,450000.0,2026-07-27,pending,2025-09-19 19:43:57
137,92,226,1,150000.0,2025-08-02,confirmed,2025-03-08 17:11:34
138,69,370,5,7500000.0,2026-05-20,confirmed,2026-01-08 02:25:33
139,34,253,1,500000.0,2026-10-02,cancelled,2025-12-01 14:32:20
140,87,300,3,21000000.0,2026-04-24,pending,2025-07-03 23:05:40
141,117,273,2,1000000.0,2027-02-09,cancelled,2026-09-01 18:23:22
142,91,184,3,9000000.0,2026-01-30,confirmed,2025-07-06 12:37:41
143,31,260,3,450000.0,2026-02-12,confirmed,2025-06-29 19:58:58
144,44,227,5,25000000.0,2025-09-26,confirmed,2025-08-25 22:22:35
145,51,220,2,1500000.0,2026-08-23,cancelled,2026-04-25 18:18:55
146,116,362,2,20000000.0,2026-12-17,pending,2025-05-17 07:10:25
147,104,181,5,50000000.0,2027-08-16,pending,2025-10-29 00:57:36
148,45,248,3,4500000.0,2027-01-08,confirmed,2025-02-21 01:05:58
149,90,327,3,6000000.0,2026-11-28,confirmed,2025-12-16 02:52:19
150,105,365,4,12000000.0,2027-07-30,cancelled,2026-11-11 17:01:29
151,88,185,1,3000000.0,2026-05-19,confirmed,2025-11-02 11:58:01
152,74,354,3,6000000.0,2025-07-21,confirmed,2025-03-20 21:58:16
153,112,331,5,1750000.0,2025-12-28,confirmed,2025-12-03 13:58:24
154,52,266,1,500000.0,2025-09-19,pending,2025-06-11 09:21:27
155,79,187,4,12000000.0,2025-06-24,confirmed,2025-04-14 22:46:44
156,106,333,4,600000.0,2026-02-11,pending,2025-06-24 23:52:11
157,65,367,4,600000.0,2025-08-24,cancelled,2025-04-18 08:07:09
158,22,337,1,1500000.0,2026-04-04,pending,2025-06-26 14:21:38
159,121,274,2,14000000.0,2025-05-19,confirmed,2025-04-21 22:52:06
160,52,205,1,1500000.0,2025-04-14,confirmed,2025-04-04 16:00:49
161,28,183,4,4000000.0,2026-04-21,confirmed,2026-01-30 18:58:22
162,23,255,4,1000000.0,2025-02-24,confirmed,2025-01-08 02:47:30
163,49,278,3,21000000.0,2027-04-15,confirmed,2026-09-12 06:04:17
164,125,340,4,20000000.0,2026-01-29,confirmed,2025-05-17 16:08:52
165,30,297,2,3000000.0,2025-12-14,confirmed,2025-05-06 03:29:19
166,69,253,1,500000.0,2026-10-02,confirmed,2026-06-10 21:49:32
167,71,316,2,4000000.0,2027-02-28,cancelled,2026-06-10 05:16:47
168,41,280,4,4000000.0,2025-08-23,pending,2025-05-27 07:00:17
169,112,225,4,600000.0,2026-05-29,cancelled,2026-03-07 01:15:24
170,123,310,4,6000000.0,2025-06-15,confirmed,2025-01-24 00:15:35
171,97,285,1,150000.0,2027-06-11,cancelled,2025-06-22 14:20:31
172,21,370,3,4500000.0,2026-05-20,confirmed,2025-10-22 03:30:54
173,119,228,2,1000000.0,2026-05-15,confirmed,2025-02-06 19:34:32
174,58,218,5,35000000.0,2027-03-08,pending,2025-04-16 07:15:41
175,12,307,4,2000000.0,2025-07-31,confirmed,2025-02-03 08:25:20
176,90,363,2,14000000.0,2026-10-13,pending,2026-03-17 18:11:13
177,122,347,4,8000000.0,2026-09-13,pending,2025-05-20 16:39:25
178,118,331,4,1400000.0,2025-12-28,confirmed,2025-09-22 01:09:42
179,68,277,2,14000000.0,2025-08-27,confirmed,2025-08-07 20:24:08
180,62,363,2,14000000.0,2026-10-13,cancelled,2025-07-17 10:27:50
181,36,279,5,50000000.0,2026-11-20,confirmed,2026-10-10 22:47:03
182,81,270,1,1500000.0,2025-09-28,pending,2025-04-21 20:34:01
183,119,182,1,5000000.0,2026-12-12,cancelled,2026-11-09 03:36:49
184,107,235,3,1050000.0,2026-04-17,pending,2025-12-01 21:06:20
185,53,253,5,2500000.0,2026-10-02,confirmed,2025-01-20 20:46:23
186,121,230,4,1000000.0,2025-03-01,pending,2025-02-10 18:44:54
187,59,234,4,1000000.0,2027-03-21,confirmed,2025-06-25 12:45:26
188,109,326,4,4000000.0,2026-03-23,confirmed,2025-02-17 00:03:26
189,97,184,4,12000000.0,2026-01-30,confirmed,2025-06-04 22:13:08
190,103,348,5,1750000.0,2027-07-12,confirmed,2026-06-11 21:12:17
191,22,302,5,2500000.0,2025-11-24,cancelled,2025-10-04 02:01:09
192,117,294,4,20000000.0,2025-07-25,confirmed,2025-04-29 01:58:47
193,12,276,3,30000000.0,2027-07-14,cancelled,2026-01-20 09:47:06
194,63,195,5,35000000.0,2027-01-16,cancelled,2026-06-05 09:27:20
195,58,270,1,1500000.0,2025-09-28,confirmed,2025-04-05 16:50:28
196,126,367,3,450000.0,2025-08-24,cancelled,2025-08-11 23:47:08
197,70,263,3,21000000.0,2026-02-16,confirmed,2026-02-09 03:36:12
198,46,269,3,2250000.0,2025-03-07,cancelled,2025-01-07 11:07:47
199,116,241,1,1500000.0,2025-08-25,confirmed,2025-02-24 06:07:50
200,38,380,2,1500000.0,2026-04-15,cancelled,2025-05-28 22:02:24
201,100,292,4,4000000.0,2025-08-22,pending,2025-06-24 21:32:22
202,57,183,5,5000000.0,2026-04-21,confirmed,2025-09-07 08:15:04
203,77,230,5,1250000.0,2025-03-01,confirmed,2025-02-11 17:43:21
204,45,288,5,7500000.0,2027-09-15,cancelled,2025-02-12 04:45:33
205,52,202,4,6000000.0,2026-01-16,confirmed,2025-07-06 02:46:42
206,124,295,5,50000000.0,2027-08-24,confirmed,2026-03-08 09:21:43
207,122,288,4,6000000.0,2027-09-15,pending,2027-04-11 22:48:10
208,52,276,1,10000000.0,2027-07-14,pending,2025-05-09 15:13:54
209,123,201,4,3000000.0,2026-03-08,confirmed,2025-01-24 18:10:17
210,64,336,3,450000.0,2026-04-02,confirmed,2025-01-31 12:48:40
211,59,212,4,1000000.0,2025-07-12,cancelled,2025-03-02 02:01:45
212,37,237,2,14000000.0,2025-06-15,pending,2025-01-28 07:36:27
213,32,228,3,1500000.0,2026-05-15,pending,2025-05-18 11:33:31
214,21,377,3,3000000.0,2025-10-08,confirmed,2025-04-22 21:12:09
215,35,224,4,20000000.0,2025-12-04,confirmed,2025-11-22 05:15:22
216,28,253,3,1500000.0,2026-10-02,confirmed,2025-08-31 16:50:01
217,70,293,1,2000000.0,2025-05-05,confirmed,2025-04-16 09:29:29
218,76,196,5,50000000.0,2026-06-22,confirmed,2025-07-21 07:19:48
219,62,364,3,2250000.0,2026-09-15,pending,2025-09-01 22:50:48
220,91,269,3,2250000.0,2025-03-07,confirmed,2025-03-06 19:28:27
221,127,332,3,3000000.0,2027-07-30,pending,2026-12-17 22:16:39
222,80,317,2,6000000.0,2025-07-04,confirmed,2025-01-20 12:40:10
223,96,344,5,35000000.0,2025-11-18,confirmed,2025-03-23 18:50:53
224,100,218,2,14000000.0,2027-03-08,confirmed,2026-04-19 08:38:03
225,81,257,2,500000.0,2026-08-10,confirmed,2026-06-20 13:26:49
226,111,284,3,750000.0,2026-08-20,confirmed,2025-09-04 13:38:49
227,125,299,2,4000000.0,2027-04-29,confirmed,2027-03-17 03:40:43
228,109,283,1,1000000.0,2026-01-27,confirmed,2025-05-16 06:55:09
229,127,368,3,6000000.0,2026-08-27,confirmed,2026-06-07 21:08:19
230,102,356,4,1000000.0,2027-04-25,pending,2025-05-16 21:10:00
231,32,336,5,750000.0,2026-04-02,confirmed,2025-04-30 21:03:24
232,81,228,2,1000000.0,2026-05-15,cancelled,2025-07-13 07:30:44
233,106,243,2,1000000.0,2025-12-30,cancelled,2025-08-07 01:52:06
234,73,212,1,250000.0,2025-07-12,confirmed,2025-02-11 09:24:29
235,124,336,3,450000.0,2026-04-02,pending,2025-08-23 06:30:42
236,12,339,3,21000000.0,2027-06-18,confirmed,2026-02-25 00:55:46
237,69,206,1,5000000.0,2027-01-31,confirmed,2026-10-21 22:45:12
238,76,222,3,3000000.0,2025-04-14,confirmed,2025-03-19 00:05:25
239,87,291,5,2500000.0,2026-02-22,pending,2025-06-24 15:44:12
240,38,330,2,1500000.0,2025-05-02,pending,2025-01-09 08:32:26
241,105,363,3,21000000.0,2026-10-13,confirmed,2026-08-20 17:53:25
242,41,227,1,5000000.0,2025-09-26,confirmed,2025-03-28 11:57:01
243,69,261,2,14000000.0,2025-12-19,pending,2025-04-25 01:20:40
244,78,328,3,450000.0,2025-10-05,confirmed,2025-04-15 18:00:24
245,35,215,2,3000000.0,2027-01-10,confirmed,2025-08-04 23:01:00
246,40,321,5,2500000.0,2025-12-10,pending,2025-04-27 01:13:30
247,55,245,4,28000000.0,2026-04-29,confirmed,2025-08-27 18:15:37
248,34,353,5,10000000.0,2025-10-22,confirmed,2025-06-13 02:32:22
249,126,320,1,1000000.0,2026-06-21,confirmed,2026-03-17 19:25:43
250,116,231,3,1050000.0,2027-05-07,cancelled,2027-03-21 00:10:01
251,115,259,1,2000000.0,2026-11-17,confirmed,2025-09-10 16:30:08
252,74,266,2,1000000.0,2025-09-19,confirmed,2025-03-25 13:26:39
253,34,222,5,5000000.0,2025-04-14,confirmed,2025-01-26 05:31:42
254,91,379,1,7000000.0,2026-02-18,cancelled,2026-02-07 18:57:42
255,82,276,2,20000000.0,2027-07-14,confirmed,2025-08-12 19:18:25
256,34,213,5,750000.0,2026-07-27,confirmed,2025-10-05 05:01:15
257,43,205,3,4500000.0,2025-04-14,confirmed,2025-03-07 16:20:47
258,90,246,4,6000000.0,2027-01-24,confirmed,2026-04-29 16:38:57
259,40,286,4,12000000.0,2026-03-28,pending,2025-07-11 03:07:05
260,30,245,1,7000000.0,2026-04-29,pending,2025-07-27 16:49:39
261,123,311,2,1500000.0,2027-04-22,pending,2027-04-12 16:06:38
262,55,237,5,35000000.0,2025-06-15,confirmed,2025-04-17 01:40:19
263,113,306,1,2000000.0,2027-03-17,confirmed,2026-08-24 11:44:52
264,31,228,2,1000000.0,2026-05-15,cancelled,2025-07-05 22:25:02
265,125,183,4,4000000.0,2026-04-21,pending,2025-09-17 17:02:19
266,54,335,4,1400000.0,2027-02-09,confirmed,2026-08-21 06:01:43
267,80,248,3,4500000.0,2027-01-08,confirmed,2026-08-26 06:47:59
268,84,243,4,2000000.0,2025-12-30,confirmed,2025-08-03 09:25:24
269,58,344,4,28000000.0,2025-11-18,confirmed,2025-04-15 00:34:55
270,106,363,3,21000000.0,2026-10-13,pending,2025-03-19 09:29:27
271,61,367,2,300000.0,2025-08-24,confirmed,2025-04-21 22:33:28
272,112,238,5,35000000.0,2027-01-28,confirmed,2026-04-17 08:23:29
273,92,332,5,5000000.0,2027-07-30,confirmed,2027-03-11 17:37:16
274,84,292,5,5000000.0,2025-08-22,pending,2025-07-24 20:54:13
275,85,298,2,300000.0,2026-12-29,confirmed,2025-12-23 23:03:32
276,44,234,4,1000000.0,2027-03-21,confirmed,2027-02-12 09:48:42
277,102,307,4,2000000.0,2025-07-31,cancelled,2025-06-20 10:08:33
278,117,198,4,40000000.0,2025-10-27,confirmed,2025-07-16 12:05:10
279,93,363,2,14000000.0,2026-10-13,pending,2026-04-22 05:49:00
280,107,237,1,7000000.0,2025-06-15,confirmed,2025-04-29 14:18:11
281,90,231,1,350000.0,2027-05-07,confirmed,2025-03-11 08:49:23
282,37,222,1,1000000.0,2025-04-14,pending,2025-01-19 14:44:46
283,81,368,3,6000000.0,2026-08-27,cancelled,2026-02-24 13:03:57
284,50,227,2,10000000.0,2025-09-26,confirmed,2025-09-04 07:21:48
285,107,367,4,600000.0,2025-08-24,confirmed,2025-07-19 07:54:56
286,50,367,1,150000.0,2025-08-24,confirmed,2025-02-10 21:46:27
287,67,373,3,4500000.0,2027-07-03,confirmed,2025-08-04 05:12:06
288,96,342,4,600000.0,2025-06-12,confirmed,2025-06-10 08:43:33
289,87,342,4,600000.0,2025-06-12,confirmed,2025-04-15 16:16:12
290,38,208,4,600000.0,2025-04-29,confirmed,2025-03-05 15:16:19
291,38,232,2,6000000.0,2025-11-25,confirmed,2025-06-14 06:29:34
292,41,271,4,2000000.0,2026-02-17,pending,2025-04-23 07:09:10
293,95,195,2,14000000.0,2027-01-16,confirmed,2026-07-02 06:36:57
294,64,298,3,450000.0,2026-12-29,confirmed,2025-04-08 09:42:31
295,127,185,5,15000000.0,2026-05-19,confirmed,2025-09-10 16:33:02
296,101,371,2,4000000.0,2026-03-03,cancelled,2025-03-14 04:20:39
297,99,360,1,750000.0,2025-06-24,confirmed,2025-02-12 11:50:22
298,92,335,1,350000.0,2027-02-09,cancelled,2025-05-10 07:27:55
299,98,376,4,40000000.0,2025-04-15,confirmed,2025-02-01 16:30:10
300,95,370,3,4500000.0,2026-05-20,confirmed,2025-07-05 13:13:02
301,12,187,3,9000000.0,2025-06-24,pending,2025-01-20 22:02:25
302,113,318,3,21000000.0,2027-06-05,confirmed,2025-07-25 09:37:57
303,28,345,5,2500000.0,2026-11-16,confirmed,2025-05-16 14:10:19
304,40,254,4,8000000.0,2025-10-24,pending,2025-03-13 22:09:57
305,111,194,5,2500000.0,2026-01-28,confirmed,2025-09-25 01:59:35
306,57,304,3,15000000.0,2026-01-10,confirmed,2025-09-01 00:37:14
307,79,286,3,9000000.0,2026-03-28,confirmed,2025-12-29 00:26:03
308,18,230,5,1250000.0,2025-03-01,confirmed,2025-01-01 06:08:33
309,90,265,5,5000000.0,2026-01-03,cancelled,2025-06-05 19:16:33
310,36,216,4,2000000.0,2026-04-26,confirmed,2025-06-12 14:48:14
311,116,345,1,500000.0,2026-11-16,confirmed,2026-01-19 21:39:33
312,20,195,3,21000000.0,2027-01-16,confirmed,2026-02-02 01:02:12
313,25,241,1,1500000.0,2025-08-25,pending,2025-06-30 15:54:25
314,114,199,1,350000.0,2027-03-20,confirmed,2025-06-17 05:01:56
315,88,278,1,7000000.0,2027-04-15,confirmed,2026-12-24 15:04:26
316,75,265,5,5000000.0,2026-01-03,confirmed,2025-11-13 21:08:43
317,71,219,4,20000000.0,2026-03-23,confirmed,2025-07-02 19:46:00
318,45,212,4,1000000.0,2025-07-12,confirmed,2025-06-13 11:30:53
319,107,308,5,750000.0,2026-10-15,cancelled,2026-06-10 12:26:12
320,23,270,5,7500000.0,2025-09-28,confirmed,2025-03-27 16:50:40
321,109,316,2,4000000.0,2027-02-28,cancelled,2026-02-09 18:17:52
322,12,376,1,10000000.0,2025-04-15,confirmed,2025-02-08 07:25:16
323,31,316,1,2000000.0,2027-02-28,confirmed,2025-10-07 15:21:09
324,20,198,3,30000000.0,2025-10-27,confirmed,2025-08-20 05:44:38
325,82,269,2,1500000.0,2025-03-07,confirmed,2025-01-07 06:23:35
326,100,371,1,2000000.0,2026-03-03,pending,2025-09-21 12:55:19
327,80,226,5,750000.0,2025-08-02,pending,2025-01-26 23:28:18
328,38,289,1,500000.0,2027-09-08,pending,2025-02-05 19:56:49
329,23,200,2,10000000.0,2026-11-07,cancelled,2025-02-09 02:41:57
330,68,366,4,40000000.0,2026-01-16,confirmed,2025-05-28 20:43:58
331,12,253,3,1500000.0,2026-10-02,cancelled,2025-09-01 18:17:40
332,32,244,2,3000000.0,2026-04-04,confirmed,2025-01-03 16:57:44
333,119,306,5,10000000.0,2027-03-17,confirmed,2025-01-13 00:49:06
334,39,195,2,14000000.0,2027-01-16,confirmed,2026-11-19 21:52:43
335,124,250,2,500000.0,2027-05-08,confirmed,2027-01-29 15:38:23
336,50,228,3,1500000.0,2026-05-15,pending,2025-01-07 18:20:03
337,100,296,2,10000000.0,2025-10-05,confirmed,2025-04-20 05:48:42
338,123,229,5,7500000.0,2026-06-18,confirmed,2026-01-17 14:57:49
339,75,225,1,150000.0,2026-05-29,confirmed,2025-10-21 04:44:56
340,28,330,3,2250000.0,2025-05-02,confirmed,2025-03-11 13:06:20
341,40,359,4,600000.0,2026-01-17,pending,2025-04-21 08:14:17
342,128,236,5,7500000.0,2026-11-04,confirmed,2025-08-05 12:28:48
343,31,358,1,500000.0,2026-05-21,confirmed,2025-04-12 05:47:28
344,6,312,1,10000000.0,2026-01-11,confirmed,2025-11-11 17:08:00
345,70,221,3,4500000.0,2027-04-03,confirmed,2025-09-06 08:05:18
346,70,253,4,2000000.0,2026-10-02,cancelled,2026-09-11 22:36:37
347,117,335,2,700000.0,2027-02-09,confirmed,2026-04-18 10:21:27
348,92,270,5,7500000.0,2025-09-28,confirmed,2025-01-25 04:40:33
349,123,215,5,7500000.0,2027-01-10,pending,2027-01-03 08:00:11
350,69,291,2,1000000.0,2026-02-22,cancelled,2026-02-09 03:00:08
351,120,295,1,10000000.0,2027-08-24,cancelled,2026-03-25 12:54:17
352,61,377,1,1000000.0,2025-10-08,confirmed,2025-03-31 22:18:57
353,78,342,4,600000.0,2025-06-12,confirmed,2025-01-14 14:13:14
354,53,340,5,25000000.0,2026-01-29,confirmed,2025-01-07 16:35:39
355,49,319,3,1500000.0,2026-04-16,confirmed,2025-09-13 21:28:07
356,28,348,2,700000.0,2027-07-12,pending,2027-04-03 19:28:58
357,26,364,1,750000.0,2026-09-15,confirmed,2026-05-04 08:49:13
358,22,250,3,750000.0,2027-05-08,confirmed,2026-03-27 06:15:49
359,79,315,3,9000000.0,2026-02-08,confirmed,2025-07-13 04:27:34
360,69,271,3,1500000.0,2026-02-17,confirmed,2025-12-27 00:53:42
361,51,324,4,40000000.0,2025-10-27,confirmed,2025-10-23 01:56:38
362,96,248,3,4500000.0,2027-01-08,confirmed,2025-02-19 18:46:48
363,75,300,3,21000000.0,2026-04-24,confirmed,2025-01-24 04:23:14
364,48,237,4,28000000.0,2025-06-15,pending,2025-06-07 22:04:54
365,94,325,2,6000000.0,2025-04-08,confirmed,2025-04-04 13:36:14
366,64,350,1,350000.0,2025-09-29,pending,2025-03-17 18:31:57
367,45,338,2,3000000.0,2025-06-13,confirmed,2025-04-19 10:02:22
368,30,297,5,7500000.0,2025-12-14,cancelled,2025-06-06 08:18:40
369,86,219,1,5000000.0,2026-03-23,pending,2025-07-10 20:05:03
370,38,348,1,350000.0,2027-07-12,confirmed,2025-08-30 00:04:30
371,12,226,2,300000.0,2025-08-02,confirmed,2025-01-13 07:29:20
372,65,245,3,21000000.0,2026-04-29,confirmed,2026-01-29 17:13:56
373,124,211,1,750000.0,2025-10-22,confirmed,2025-01-07 15:16:59
374,66,320,3,3000000.0,2026-06-21,confirmed,2025-02-06 22:36:10
375,119,345,1,500000.0,2026-11-16,confirmed,2026-11-04 04:48:21
376,49,257,5,1250000.0,2026-08-10,confirmed,2026-05-15 05:47:26
377,73,286,4,12000000.0,2026-03-28,confirmed,2025-03-15 15:17:31
378,99,293,3,6000000.0,2025-05-05,cancelled,2025-04-11 12:49:37
379,85,292,4,4000000.0,2025-08-22,cancelled,2025-02-02 20:57:04
380,30,293,5,10000000.0,2025-05-05,confirmed,2025-03-10 03:11:37
381,121,357,3,21000000.0,2026-11-01,pending,2025-12-30 09:13:18
382,102,303,2,1500000.0,2026-03-14,confirmed,2025-11-17 03:09:42
383,39,286,5,15000000.0,2026-03-28,confirmed,2026-01-14 00:40:58
384,97,247,2,6000000.0,2025-12-14,confirmed,2025-11-10 19:09:21
385,53,374,1,5000000.0,2027-10-06,cancelled,2026-08-21 12:57:38
386,65,304,2,10000000.0,2026-01-10,cancelled,2025-02-04 17:25:05
387,53,248,2,3000000.0,2027-01-08,confirmed,2025-07-24 10:33:56
388,125,311,3,2250000.0,2027-04-22,cancelled,2025-11-20 18:42:13
389,105,200,2,10000000.0,2026-11-07,cancelled,2025-12-22 10:56:35
390,82,186,1,150000.0,2027-01-06,confirmed,2025-07-12 01:24:48
391,57,263,3,21000000.0,2026-02-16,cancelled,2025-08-05 17:01:31
392,114,353,5,10000000.0,2025-10-22,cancelled,2025-05-03 14:34:45
393,122,370,2,3000000.0,2026-05-20,confirmed,2025-03-30 16:47:27
394,113,360,2,1500000.0,2025-06-24,confirmed,2025-04-21 19:33:18
395,96,291,3,1500000.0,2026-02-22,pending,2025-11-27 03:14:59
396,55,255,4,1000000.0,2025-02-24,confirmed,2025-01-19 08:12:39
397,76,269,4,3000000.0,2025-03-07,cancelled,2025-02-23 07:29:45
398,96,222,4,4000000.0,2025-04-14,confirmed,2025-03-18 07:07:33
399,83,280,5,5000000.0,2025-08-23,confirmed,2025-02-14 03:27:31
400,42,293,1,2000000.0,2025-05-05,confirmed,2025-01-22 19:54:43
401,67,261,3,21000000.0,2025-12-19,confirmed,2025-05-13 23:37:06
402,100,228,3,1500000.0,2026-05-15,pending,2025-11-08 17:44:23
403,94,372,5,1750000.0,2027-01-26,pending,2025-07-30 00:36:32
404,123,356,2,500000.0,2027-04-25,confirmed,2026-02-01 22:48:45
405,34,335,4,1400000.0,2027-02-09,confirmed,2026-05-20 17:27:21
406,49,215,1,1500000.0,2027-01-10,confirmed,2026-04-23 04:31:17
407,98,249,3,15000000.0,2026-04-19,pending,2026-02-16 13:31:09
408,127,301,1,1500000.0,2027-08-06,pending,2025-07-31 14:34:17
409,103,230,3,750000.0,2025-03-01,confirmed,2025-02-14 14:42:41
410,115,198,4,40000000.0,2025-10-27,pending,2025-09-26 12:02:45
411,50,314,3,3000000.0,2026-12-17,confirmed,2025-07-15 12:44:49
412,119,368,1,2000000.0,2026-08-27,confirmed,2025-11-23 10:42:03
413,65,325,4,12000000.0,2025-04-08,confirmed,2025-01-14 11:54:17
414,18,269,3,2250000.0,2025-03-07,confirmed,2025-01-21 21:17:44
415,41,262,4,2000000.0,2026-03-31,confirmed,2025-11-27 11:33:56
416,41,297,3,4500000.0,2025-12-14,confirmed,2025-07-18 05:17:10
417,75,284,1,250000.0,2026-08-20,confirmed,2026-02-17 06:23:48
418,90,186,5,750000.0,2027-01-06,confirmed,2025-04-04 18:53:02
419,25,355,2,14000000.0,2027-02-04,cancelled,2025-06-24 03:32:26
420,80,282,1,5000000.0,2027-03-03,cancelled,2025-05-14 01:04:16
421,6,299,1,2000000.0,2027-04-29,confirmed,2025-09-24 15:36:35
422,124,196,4,40000000.0,2026-06-22,confirmed,2025-12-05 19:17:21
423,75,253,5,2500000.0,2026-10-02,confirmed,2025-12-01 17:26:09
424,111,241,4,6000000.0,2025-08-25,confirmed,2025-02-15 12:57:27
425,100,272,4,1000000.0,2027-04-29,confirmed,2027-03-24 23:40:33
426,21,369,2,500000.0,2026-09-28,pending,2025-06-18 11:36:00
427,119,183,1,1000000.0,2026-04-21,confirmed,2025-06-19 00:44:07
428,121,284,1,250000.0,2026-08-20,pending,2025-09-12 20:20:42
429,88,223,3,750000.0,2027-10-09,confirmed,2026-03-01 18:03:52
430,83,352,2,2000000.0,2027-03-17,confirmed,2025-09-28 21:56:26
431,116,257,1,250000.0,2026-08-10,confirmed,2025-08-12 12:51:27
432,91,234,2,500000.0,2027-03-21,confirmed,2025-04-01 12:21:11
433,57,187,1,3000000.0,2025-06-24,confirmed,2025-02-25 17:16:23
434,108,254,2,4000000.0,2025-10-24,confirmed,2025-08-06 04:52:05
435,105,287,1,3000000.0,2026-05-15,pending,2025-02-28 12:32:21
436,63,191,5,25000000.0,2025-12-11,confirmed,2025-02-09 13:51:16
437,110,215,1,1500000.0,2027-01-10,confirmed,2025-10-25 02:21:21
438,103,187,2,6000000.0,2025-06-24,confirmed,2025-04-04 09:43:55
439,80,201,1,750000.0,2026-03-08,pending,2025-06-02 00:51:04
440,75,289,5,2500000.0,2027-09-08,cancelled,2027-05-15 18:21:29
441,101,282,2,10000000.0,2027-03-03,confirmed,2025-11-05 02:17:03
442,112,228,3,1500000.0,2026-05-15,confirmed,2025-03-01 02:47:42
443,49,214,3,2250000.0,2027-03-16,confirmed,2025-07-10 01:14:31
444,108,243,1,500000.0,2025-12-30,confirmed,2025-06-14 20:51:06
445,90,368,3,6000000.0,2026-08-27,cancelled,2026-03-04 10:44:50
446,54,221,2,3000000.0,2027-04-03,confirmed,2027-03-28 02:23:14
447,99,299,4,8000000.0,2027-04-29,confirmed,2025-11-18 22:04:49
448,42,348,3,1050000.0,2027-07-12,cancelled,2026-08-21 09:10:17
449,96,223,4,1000000.0,2027-10-09,cancelled,2026-10-21 11:35:10
450,103,337,3,4500000.0,2026-04-04,confirmed,2025-09-04 06:29:49
451,127,285,2,300000.0,2027-06-11,cancelled,2026-07-19 17:40:06
452,74,267,5,7500000.0,2025-06-06,pending,2025-05-09 18:57:40
453,10,338,2,3000000.0,2025-06-13,confirmed,2025-05-25 09:04:24
454,118,255,3,750000.0,2025-02-24,confirmed,2025-01-14 12:56:43
455,107,349,4,3000000.0,2026-03-08,pending,2025-11-07 05:37:47
456,77,377,5,5000000.0,2025-10-08,confirmed,2025-09-07 18:13:17
457,94,212,2,500000.0,2025-07-12,confirmed,2025-07-03 22:00:32
458,59,321,3,1500000.0,2025-12-10,confirmed,2025-02-28 18:54:00
459,59,191,5,25000000.0,2025-12-11,confirmed,2025-05-18 05:32:28
460,31,267,5,7500000.0,2025-06-06,confirmed,2025-02-08 15:22:49
461,126,353,3,6000000.0,2025-10-22,pending,2025-03-07 17:36:37
462,36,359,3,450000.0,2026-01-17,cancelled,2025-10-01 15:32:17
463,18,194,3,1500000.0,2026-01-28,pending,2025-09-05 05:26:35
464,74,271,4,2000000.0,2026-02-17,confirmed,2025-07-08 09:43:43
465,59,330,3,2250000.0,2025-05-02,confirmed,2025-04-25 03:54:56
466,122,253,5,2500000.0,2026-10-02,confirmed,2025-06-02 22:59:12
467,10,298,1,150000.0,2026-12-29,confirmed,2026-09-10 04:24:59
468,96,302,3,1500000.0,2025-11-24,cancelled,2025-06-29 22:09:51
469,47,353,1,2000000.0,2025-10-22,pending,2025-02-19 05:04:03
470,126,191,3,15000000.0,2025-12-11,cancelled,2025-02-24 06:28:21
471,94,247,1,3000000.0,2025-12-14,confirmed,2025-07-26 08:53:43
472,50,292,2,2000000.0,2025-08-22,confirmed,2025-05-12 01:34:43
473,104,296,4,20000000.0,2025-10-05,pending,2025-01-29 16:08:01
474,95,299,2,4000000.0,2027-04-29,confirmed,2025-07-18 11:43:20
475,28,212,1,250000.0,2025-07-12,pending,2025-04-19 08:15:18
476,45,374,3,15000000.0,2027-10-06,cancelled,2026-05-28 06:32:17
477,127,340,1,5000000.0,2026-01-29,confirmed,2025-04-20 01:58:38
478,46,351,2,14000000.0,2026-07-17,confirmed,2026-03-15 08:06:40
479,35,320,4,4000000.0,2026-06-21,confirmed,2025-10-11 21:02:56
480,124,271,1,500000.0,2026-02-17,confirmed,2025-03-04 05:22:41
481,100,378,5,35000000.0,2026-10-04,confirmed,2026-02-13 10:21:49
482,101,330,4,3000000.0,2025-05-02,confirmed,2025-01-08 20:59:56
483,103,315,5,15000000.0,2026-02-08,confirmed,2025-02-16 09:16:17
484,90,237,3,21000000.0,2025-06-15,cancelled,2025-01-15 00:44:51
485,62,325,5,15000000.0,2025-04-08,cancelled,2025-03-19 11:31:19
486,125,358,2,1000000.0,2026-05-21,confirmed,2025-04-10 12:41:00
487,58,190,1,500000.0,2026-03-11,cancelled,2025-01-12 15:01:39
488,114,333,4,600000.0,2026-02-11,confirmed,2026-02-06 03:57:57
489,54,213,2,300000.0,2026-07-27,confirmed,2026-03-29 01:42:39
490,68,272,4,1000000.0,2027-04-29,confirmed,2025-11-18 15:16:30
491,60,244,2,3000000.0,2026-04-04,confirmed,2026-02-05 01:40:08
492,99,311,3,2250000.0,2027-04-22,confirmed,2025-12-12 19:05:07
493,38,297,2,3000000.0,2025-12-14,confirmed,2025-01-09 10:15:08
494,82,203,5,3750000.0,2026-11-16,confirmed,2026-01-07 15:34:22
495,47,223,1,250000.0,2027-10-09,confirmed,2026-03-06 04:32:49
496,83,369,4,1000000.0,2026-09-28,confirmed,2026-02-20 05:37:03
497,81,344,2,14000000.0,2025-11-18,confirmed,2025-05-27 05:32:34
498,6,322,4,4000000.0,2026-12-08,pending,2025-07-29 00:50:07
499,83,196,3,30000000.0,2026-06-22,pending,2025-04-07 15:58:12
500,55,210,5,7500000.0,2025-09-11,confirmed,2025-04-01 08:22:40
501,86,254,5,10000000.0,2025-10-24,confirmed,2025-04-07 10:17:14
502,75,256,1,350000.0,2025-11-15,confirmed,2025-04-30 20:29:18
503,20,268,3,3000000.0,2027-08-22,pending,2026-08-08 02:10:22
504,41,345,4,2000000.0,2026-11-16,confirmed,2026-11-10 08:42:34
505,77,192,4,600000.0,2025-10-07,confirmed,2025-03-25 00:38:59
506,121,333,2,300000.0,2026-02-11,pending,2025-11-24 06:42:38
507,56,184,1,3000000.0,2026-01-30,confirmed,2025-01-20 17:19:16
508,70,371,5,10000000.0,2026-03-03,confirmed,2025-02-04 20:58:36
509,99,219,1,5000000.0,2026-03-23,cancelled,2025-01-21 11:04:00
510,116,302,2,1000000.0,2025-11-24,confirmed,2025-09-07 07:29:19
511,90,332,3,3000000.0,2027-07-30,confirmed,2026-04-03 10:49:24
512,26,270,4,6000000.0,2025-09-28,confirmed,2025-09-06 03:23:03
513,45,345,4,2000000.0,2026-11-16,cancelled,2025-03-13 16:20:17
514,72,337,4,6000000.0,2026-04-04,cancelled,2025-01-28 07:24:10
515,57,370,1,1500000.0,2026-05-20,pending,2025-09-28 02:03:05
516,64,283,1,1000000.0,2026-01-27,confirmed,2025-02-08 17:12:42
517,32,265,4,4000000.0,2026-01-03,confirmed,2025-05-07 05:08:13
518,44,373,3,4500000.0,2027-07-03,pending,2026-04-19 07:32:22
519,78,352,1,1000000.0,2027-03-17,cancelled,2026-08-13 07:14:28
520,98,183,4,4000000.0,2026-04-21,cancelled,2025-10-01 15:33:21
521,18,354,3,6000000.0,2025-07-21,confirmed,2025-03-29 12:23:19
522,53,307,5,2500000.0,2025-07-31,confirmed,2025-07-14 13:28:42
523,44,211,3,2250000.0,2025-10-22,cancelled,2025-06-23 14:35:32
524,26,281,3,450000.0,2026-01-29,pending,2025-09-25 18:59:46
525,116,355,1,7000000.0,2027-02-04,confirmed,2025-06-06 02:48:16
526,128,237,2,14000000.0,2025-06-15,pending,2025-02-16 21:35:25
527,125,447,4,600000.0,2026-06-19,pending,2025-10-13 13:10:31
528,95,476,3,4500000.0,2026-12-18,cancelled,2025-12-17 13:20:41
529,64,518,1,750000.0,2027-03-01,confirmed,2025-08-19 03:22:58
530,12,384,1,1500000.0,2025-11-26,confirmed,2025-06-01 05:47:57
531,10,569,4,40000000.0,2025-10-04,confirmed,2025-07-01 00:18:10
532,54,399,5,5000000.0,2027-07-01,pending,2026-12-21 09:42:27
533,58,477,4,2000000.0,2027-03-20,confirmed,2025-04-15 00:39:52
534,108,544,4,1000000.0,2026-07-24,pending,2026-02-09 11:29:33
535,44,552,3,450000.0,2025-06-11,cancelled,2025-04-17 00:23:21
536,91,483,3,1050000.0,2025-07-10,confirmed,2025-05-06 17:59:01
537,39,415,5,15000000.0,2025-04-17,confirmed,2025-01-23 10:28:28
538,53,410,5,50000000.0,2027-04-25,pending,2025-08-30 03:04:03
539,56,544,1,250000.0,2026-07-24,confirmed,2025-03-05 10:47:01
540,64,395,4,20000000.0,2026-09-21,confirmed,2025-06-14 09:25:10
541,33,463,4,4000000.0,2025-09-30,confirmed,2025-05-04 11:33:47
542,64,449,3,750000.0,2026-10-04,cancelled,2025-06-29 15:02:21
543,76,564,5,1750000.0,2027-04-25,pending,2025-08-13 07:38:30
544,54,551,3,9000000.0,2025-08-12,confirmed,2025-04-02 02:57:41
545,91,408,5,5000000.0,2027-02-13,confirmed,2026-10-21 20:23:10
546,22,464,3,9000000.0,2025-05-23,pending,2025-04-02 01:06:17
547,121,568,4,6000000.0,2025-09-12,cancelled,2025-01-20 00:12:38
548,29,421,4,40000000.0,2026-01-20,confirmed,2025-11-03 11:02:43
549,75,391,4,4000000.0,2026-05-15,cancelled,2026-03-04 13:30:58
550,39,520,4,4000000.0,2026-04-17,confirmed,2025-12-07 08:51:37
551,122,469,3,450000.0,2026-05-25,cancelled,2026-04-05 12:58:49
552,116,525,5,25000000.0,2027-07-22,confirmed,2025-12-23 19:22:26
553,89,381,1,250000.0,2025-10-02,cancelled,2025-04-04 07:04:36
554,30,562,3,1050000.0,2027-05-25,confirmed,2025-11-28 21:04:34
555,79,530,5,3750000.0,2025-04-12,cancelled,2025-03-19 23:56:54
556,91,494,5,25000000.0,2027-01-25,confirmed,2026-10-06 19:15:01
557,43,488,2,3000000.0,2026-06-16,confirmed,2025-05-21 12:44:31
558,80,520,3,3000000.0,2026-04-17,cancelled,2025-01-31 22:37:32
559,86,569,1,10000000.0,2025-10-04,pending,2025-08-18 20:08:18
560,45,456,2,300000.0,2025-03-22,confirmed,2025-01-04 07:28:56
561,101,420,4,6000000.0,2027-08-01,confirmed,2025-09-25 17:42:50
562,38,418,5,1250000.0,2027-01-15,cancelled,2026-06-21 12:25:17
563,6,472,5,15000000.0,2026-04-20,confirmed,2025-11-28 03:19:00
564,76,467,3,1500000.0,2027-04-22,confirmed,2026-05-13 02:59:54
565,85,537,3,750000.0,2026-06-12,cancelled,2025-12-17 20:27:11
566,66,452,3,9000000.0,2027-10-11,cancelled,2025-09-14 15:44:12
567,34,428,1,10000000.0,2026-01-23,cancelled,2025-02-28 22:31:07
568,47,501,4,12000000.0,2026-07-03,confirmed,2025-06-05 07:31:14
569,64,491,1,250000.0,2027-06-30,pending,2026-05-19 23:41:04
570,104,403,1,10000000.0,2027-03-18,pending,2026-01-28 04:24:09
571,120,579,2,300000.0,2027-03-30,pending,2026-01-21 15:09:06
572,33,510,1,1000000.0,2027-04-27,confirmed,2026-02-22 08:02:47
573,62,468,2,2000000.0,2026-11-04,confirmed,2026-02-28 22:06:45
574,111,417,1,1500000.0,2025-04-17,confirmed,2025-02-16 03:37:01
575,37,495,5,15000000.0,2026-10-01,confirmed,2026-07-10 02:22:20
576,119,443,3,21000000.0,2027-03-04,confirmed,2026-11-18 15:44:29
577,110,514,4,2000000.0,2026-04-21,confirmed,2025-01-02 06:45:33
578,117,412,2,6000000.0,2026-09-08,pending,2025-03-19 14:15:52
579,60,547,4,600000.0,2025-07-17,confirmed,2025-03-31 20:25:30
580,127,525,4,20000000.0,2027-07-22,confirmed,2026-08-12 20:53:16
581,26,555,2,6000000.0,2025-06-10,confirmed,2025-04-19 15:13:44
582,118,473,4,40000000.0,2026-08-21,confirmed,2026-03-02 07:21:41
583,97,408,5,5000000.0,2027-02-13,cancelled,2025-07-18 01:20:06
584,93,500,1,10000000.0,2026-08-16,confirmed,2025-09-07 04:24:05
585,75,546,2,14000000.0,2025-11-29,cancelled,2025-04-18 13:15:42
586,104,473,3,30000000.0,2026-08-21,confirmed,2025-10-22 17:27:07
587,86,527,1,2000000.0,2025-05-20,confirmed,2025-02-03 21:48:11
588,49,516,1,150000.0,2027-06-18,cancelled,2025-07-30 01:21:32
589,22,537,5,1250000.0,2026-06-12,cancelled,2026-01-26 13:30:04
590,51,467,1,500000.0,2027-04-22,confirmed,2026-06-16 09:06:49
591,67,487,1,150000.0,2026-04-03,pending,2026-03-15 11:25:19
592,76,476,2,3000000.0,2026-12-18,cancelled,2025-04-12 00:08:34
593,25,509,1,10000000.0,2026-05-08,pending,2026-01-18 11:32:35
594,52,549,3,30000000.0,2026-02-01,confirmed,2025-11-17 17:19:34
595,53,510,5,5000000.0,2027-04-27,cancelled,2025-04-15 05:10:57
596,21,502,2,6000000.0,2025-05-08,confirmed,2025-03-10 19:50:51
597,21,400,3,2250000.0,2026-09-18,confirmed,2025-07-07 08:55:37
598,88,457,5,7500000.0,2026-08-06,confirmed,2025-05-15 18:55:04
599,104,559,5,1250000.0,2026-11-09,confirmed,2026-03-25 15:26:33
600,117,567,2,500000.0,2026-12-27,confirmed,2026-01-22 07:42:59
601,68,387,2,6000000.0,2025-07-22,confirmed,2025-02-28 20:38:50
602,92,398,2,500000.0,2027-09-25,cancelled,2026-11-02 23:37:37
603,120,488,2,3000000.0,2026-06-16,confirmed,2025-02-07 04:50:50
604,107,386,4,3000000.0,2026-06-03,confirmed,2026-01-18 04:47:51
605,58,482,5,10000000.0,2027-04-22,cancelled,2026-09-27 14:58:56
606,128,491,4,1000000.0,2027-06-30,confirmed,2025-07-12 07:23:29
607,42,388,2,1500000.0,2026-10-23,cancelled,2025-10-30 13:02:33
608,120,394,1,250000.0,2025-03-03,pending,2025-01-06 07:06:54
609,115,389,4,6000000.0,2027-01-05,confirmed,2026-02-27 14:12:02
610,60,408,2,2000000.0,2027-02-13,confirmed,2026-04-27 01:18:48
611,96,558,5,25000000.0,2027-09-12,confirmed,2026-10-21 00:00:05
612,119,430,4,600000.0,2026-12-14,pending,2025-05-24 00:05:51
613,47,428,2,20000000.0,2026-01-23,confirmed,2025-10-31 00:16:57
614,88,406,2,500000.0,2025-10-12,confirmed,2025-07-30 17:22:16
615,113,505,1,1500000.0,2025-07-01,confirmed,2025-06-14 21:18:59
616,92,478,1,3000000.0,2025-10-03,confirmed,2025-08-11 09:31:25
617,12,485,2,300000.0,2026-12-31,confirmed,2025-01-22 12:07:51
618,118,410,1,10000000.0,2027-04-25,pending,2026-03-05 10:24:18
619,42,455,5,50000000.0,2026-09-05,confirmed,2026-05-21 14:58:16
620,113,563,4,28000000.0,2026-08-15,cancelled,2026-04-27 16:53:30
621,95,457,5,7500000.0,2026-08-06,confirmed,2026-02-07 07:43:01
622,48,438,1,1000000.0,2026-11-13,confirmed,2025-07-11 02:49:10
623,64,416,4,28000000.0,2026-01-17,pending,2025-01-09 05:32:46
624,55,518,5,3750000.0,2027-03-01,pending,2027-02-11 13:21:12
625,58,416,5,35000000.0,2026-01-17,confirmed,2025-11-15 06:21:57
626,84,479,1,5000000.0,2026-05-28,confirmed,2025-11-24 21:21:41
627,64,450,3,6000000.0,2027-03-22,confirmed,2025-09-09 04:42:53
628,76,568,2,3000000.0,2025-09-12,pending,2025-04-17 06:59:38
629,127,449,5,1250000.0,2026-10-04,confirmed,2026-08-28 18:57:22
630,27,570,5,15000000.0,2027-02-17,confirmed,2025-10-10 03:48:02
631,85,514,3,1500000.0,2026-04-21,confirmed,2025-11-05 21:27:01
632,118,497,1,5000000.0,2027-01-13,cancelled,2026-03-12 12:52:54
633,83,531,1,500000.0,2025-06-11,confirmed,2025-03-02 19:29:57
634,33,446,2,6000000.0,2026-10-03,cancelled,2026-02-14 23:43:17
635,33,525,2,10000000.0,2027-07-22,cancelled,2025-02-10 06:15:07
636,51,546,5,35000000.0,2025-11-29,confirmed,2025-09-06 18:22:16
637,74,579,2,300000.0,2027-03-30,cancelled,2025-05-23 10:03:58
638,48,466,5,35000000.0,2026-05-02,cancelled,2025-04-21 09:00:06
639,104,457,5,7500000.0,2026-08-06,pending,2026-02-01 19:08:50
640,99,566,4,3000000.0,2025-11-05,confirmed,2025-11-03 09:13:32
641,118,411,2,1000000.0,2027-06-17,confirmed,2025-01-03 10:15:31
642,68,564,2,700000.0,2027-04-25,pending,2025-12-19 23:12:28
643,26,381,3,750000.0,2025-10-02,cancelled,2025-04-15 16:24:54
644,126,571,4,28000000.0,2026-02-17,confirmed,2025-06-13 09:29:07
645,39,538,2,3000000.0,2025-08-11,confirmed,2025-04-13 20:19:58
646,40,382,3,4500000.0,2025-07-22,cancelled,2025-05-20 15:39:00
647,121,483,3,1050000.0,2025-07-10,pending,2025-05-04 02:32:23
648,100,485,2,300000.0,2026-12-31,pending,2025-06-20 22:25:07
649,60,537,4,1000000.0,2026-06-12,confirmed,2026-02-27 11:26:50
650,66,468,4,4000000.0,2026-11-04,confirmed,2026-08-11 05:33:12
651,100,481,2,20000000.0,2027-05-12,confirmed,2025-11-06 10:29:19
652,104,438,3,3000000.0,2026-11-13,cancelled,2025-04-06 03:51:49
653,76,431,3,30000000.0,2025-03-03,confirmed,2025-02-08 11:46:41
654,103,430,1,150000.0,2026-12-14,pending,2026-10-05 22:51:56
655,52,514,2,1000000.0,2026-04-21,confirmed,2025-08-25 05:02:47
656,105,443,5,35000000.0,2027-03-04,pending,2026-09-17 16:21:37
657,76,530,1,750000.0,2025-04-12,pending,2025-03-27 20:39:03
658,79,453,4,600000.0,2027-02-06,pending,2026-07-25 12:53:30
659,90,416,2,14000000.0,2026-01-17,confirmed,2025-10-26 23:35:45
660,109,386,3,2250000.0,2026-06-03,confirmed,2026-04-03 16:25:14
661,71,473,4,40000000.0,2026-08-21,cancelled,2025-09-17 18:22:57
662,40,515,1,10000000.0,2025-04-12,confirmed,2025-02-18 19:12:25
663,46,569,3,30000000.0,2025-10-04,pending,2025-07-30 12:59:13
664,101,463,5,5000000.0,2025-09-30,confirmed,2025-09-05 18:39:25
665,125,448,1,1500000.0,2026-08-25,confirmed,2026-03-20 08:08:27
666,77,495,3,9000000.0,2026-10-01,confirmed,2026-02-17 07:33:07
667,20,480,4,6000000.0,2026-03-13,confirmed,2025-08-13 22:32:03
668,6,455,5,50000000.0,2026-09-05,pending,2025-10-18 14:58:40
669,95,456,1,150000.0,2025-03-22,cancelled,2025-01-08 07:48:09
670,117,485,2,300000.0,2026-12-31,cancelled,2026-08-28 21:27:20
671,27,512,5,50000000.0,2027-08-17,pending,2026-08-07 18:34:31
672,20,404,1,2000000.0,2027-02-12,pending,2026-03-12 13:41:39
673,96,385,3,9000000.0,2025-04-04,confirmed,2025-01-06 00:26:15
674,73,393,2,4000000.0,2026-04-02,confirmed,2025-06-22 17:06:51
675,117,566,5,3750000.0,2025-11-05,confirmed,2025-03-16 09:34:54
676,104,481,4,40000000.0,2027-05-12,confirmed,2025-12-16 07:42:00
677,28,521,3,750000.0,2026-03-11,confirmed,2026-01-11 15:48:59
678,53,530,5,3750000.0,2025-04-12,cancelled,2025-04-12 09:35:48
679,105,527,2,4000000.0,2025-05-20,confirmed,2025-02-12 05:04:26
680,103,391,3,3000000.0,2026-05-15,confirmed,2026-01-26 11:47:07
681,60,577,3,15000000.0,2026-12-12,confirmed,2026-09-04 05:40:47
682,58,408,5,5000000.0,2027-02-13,confirmed,2025-03-01 13:51:12
683,37,471,5,5000000.0,2027-06-21,pending,2027-01-07 23:51:03
684,98,546,3,21000000.0,2025-11-29,confirmed,2025-09-23 15:04:02
685,88,468,4,4000000.0,2026-11-04,cancelled,2025-05-27 12:33:53
686,118,557,1,1500000.0,2027-02-08,cancelled,2025-08-05 03:06:30
687,50,460,4,12000000.0,2026-11-12,pending,2025-03-26 21:30:00
688,105,461,5,15000000.0,2025-04-08,pending,2025-02-21 23:59:49
689,115,570,5,15000000.0,2027-02-17,confirmed,2025-05-17 06:15:58
690,12,433,3,6000000.0,2025-07-25,confirmed,2025-02-27 19:10:20
691,37,411,1,500000.0,2027-06-17,confirmed,2026-07-01 20:01:50
692,48,576,1,250000.0,2025-11-03,pending,2025-01-17 17:17:54
693,98,576,2,500000.0,2025-11-03,confirmed,2025-04-27 13:28:16
694,52,576,3,750000.0,2025-11-03,confirmed,2025-07-04 02:20:12
695,35,482,3,6000000.0,2027-04-22,confirmed,2026-10-30 20:29:38
696,65,512,1,10000000.0,2027-08-17,confirmed,2026-07-28 01:29:52
697,73,541,1,500000.0,2027-09-08,pending,2026-07-05 12:57:06
698,107,441,2,2000000.0,2027-07-19,confirmed,2026-02-16 22:05:42
699,48,553,3,15000000.0,2027-03-27,pending,2026-04-02 20:36:30
700,34,418,1,250000.0,2027-01-15,confirmed,2026-07-26 08:22:38
701,72,458,4,1000000.0,2027-08-29,confirmed,2026-09-13 18:44:01
702,103,427,2,1500000.0,2027-10-23,confirmed,2026-04-25 20:30:52
703,107,479,3,15000000.0,2026-05-28,confirmed,2025-12-10 08:04:18
704,43,532,5,1250000.0,2027-03-30,pending,2026-01-28 12:35:26
705,37,381,2,500000.0,2025-10-02,pending,2025-02-12 07:23:38
706,58,580,3,2250000.0,2026-08-01,confirmed,2026-07-23 15:16:47
707,71,409,2,10000000.0,2025-09-19,confirmed,2025-05-16 06:56:01
708,46,514,4,2000000.0,2026-04-21,pending,2026-04-14 04:27:48
709,44,430,2,300000.0,2026-12-14,pending,2025-04-03 11:32:15
710,45,539,5,5000000.0,2026-12-16,cancelled,2025-01-06 11:57:49
711,107,490,4,2000000.0,2026-11-09,confirmed,2026-04-28 19:42:21
712,76,534,4,20000000.0,2025-08-30,pending,2025-01-22 19:53:14
713,35,510,1,1000000.0,2027-04-27,pending,2027-01-26 05:11:31
714,38,412,4,12000000.0,2026-09-08,pending,2025-05-21 02:56:52
715,26,534,2,10000000.0,2025-08-30,confirmed,2025-07-22 01:11:12
716,21,406,3,750000.0,2025-10-12,confirmed,2025-01-15 05:45:36
717,57,386,1,750000.0,2026-06-03,pending,2025-12-06 05:56:57
718,44,452,3,9000000.0,2027-10-11,confirmed,2025-10-16 05:04:36
719,80,575,2,3000000.0,2026-01-16,confirmed,2025-04-19 16:01:49
720,112,481,1,10000000.0,2027-05-12,confirmed,2025-09-08 04:27:44
721,86,529,4,8000000.0,2026-02-04,confirmed,2025-11-29 00:02:49
722,68,417,1,1500000.0,2025-04-17,confirmed,2025-02-08 01:57:54
723,117,517,5,5000000.0,2026-01-05,cancelled,2025-12-18 17:02:34
724,36,432,5,2500000.0,2025-01-31,confirmed,2025-01-28 12:25:31
725,79,530,3,2250000.0,2025-04-12,cancelled,2025-02-18 11:04:30
726,28,558,3,15000000.0,2027-09-12,confirmed,2026-06-12 00:17:45
727,29,422,1,350000.0,2026-04-25,cancelled,2025-04-18 04:48:13
728,55,565,4,8000000.0,2026-12-02,cancelled,2025-10-21 12:16:03
729,55,559,4,1000000.0,2026-11-09,cancelled,2026-08-14 19:21:38
730,65,493,3,15000000.0,2026-05-10,cancelled,2026-04-02 01:07:42
731,48,580,2,1500000.0,2026-08-01,pending,2025-05-26 10:20:44
732,80,443,2,14000000.0,2027-03-04,cancelled,2025-12-03 04:42:53
733,77,546,4,28000000.0,2025-11-29,confirmed,2025-07-13 23:01:50
734,80,408,3,3000000.0,2027-02-13,confirmed,2025-04-12 18:51:11
735,65,383,3,750000.0,2025-08-04,confirmed,2025-06-01 17:13:12
736,71,438,1,1000000.0,2026-11-13,pending,2026-05-29 04:17:18
737,114,567,5,1250000.0,2026-12-27,confirmed,2026-11-30 01:12:45
738,38,431,2,20000000.0,2025-03-03,confirmed,2025-01-05 21:42:34
739,63,491,2,500000.0,2027-06-30,confirmed,2025-10-16 16:40:09
740,27,578,5,3750000.0,2026-06-23,pending,2025-04-24 09:39:18
741,27,520,2,2000000.0,2026-04-17,cancelled,2025-07-14 23:06:24
742,75,388,5,3750000.0,2026-10-23,cancelled,2026-05-09 00:08:49
743,45,408,5,5000000.0,2027-02-13,confirmed,2026-10-26 17:59:12
744,33,574,4,3000000.0,2025-09-03,confirmed,2025-05-16 10:32:42
745,54,400,2,1500000.0,2026-09-18,confirmed,2026-02-08 17:35:20
746,78,417,2,3000000.0,2025-04-17,confirmed,2025-03-08 12:39:49
747,54,572,4,600000.0,2026-04-23,confirmed,2026-02-03 23:24:28
748,10,525,1,5000000.0,2027-07-22,confirmed,2026-08-12 13:16:54
749,20,492,3,15000000.0,2027-04-07,confirmed,2025-07-14 13:28:52
750,20,557,5,7500000.0,2027-02-08,confirmed,2026-06-10 15:09:43
751,113,466,5,35000000.0,2026-05-02,pending,2025-12-10 11:24:46
752,110,504,1,150000.0,2026-06-08,confirmed,2025-01-26 07:42:33
753,97,533,3,3000000.0,2026-09-09,confirmed,2025-02-21 14:58:01
754,100,465,4,20000000.0,2026-06-29,cancelled,2025-05-31 01:00:51
755,92,576,2,500000.0,2025-11-03,confirmed,2025-03-02 03:37:47
756,120,437,1,150000.0,2027-08-12,confirmed,2026-06-09 19:43:20
757,77,490,4,2000000.0,2026-11-09,pending,2025-02-02 00:05:44
758,30,541,4,2000000.0,2027-09-08,confirmed,2026-12-14 11:11:32
759,12,474,4,6000000.0,2026-11-08,confirmed,2025-03-03 19:11:57
760,98,563,4,28000000.0,2026-08-15,confirmed,2026-06-05 11:52:56
761,30,527,3,6000000.0,2025-05-20,cancelled,2025-04-22 07:04:27
762,37,422,4,1400000.0,2026-04-25,cancelled,2026-03-30 14:20:56
763,18,577,3,15000000.0,2026-12-12,pending,2025-12-18 04:20:12
764,114,572,1,150000.0,2026-04-23,confirmed,2026-03-03 20:01:55
765,36,534,2,10000000.0,2025-08-30,confirmed,2025-08-09 09:43:27
766,74,469,1,150000.0,2026-05-25,pending,2025-11-22 06:21:25
767,47,404,4,8000000.0,2027-02-12,confirmed,2026-11-21 14:17:48
768,91,382,5,7500000.0,2025-07-22,pending,2025-05-06 12:42:22
769,89,567,5,1250000.0,2026-12-27,confirmed,2026-10-24 12:11:42
770,51,452,5,15000000.0,2027-10-11,confirmed,2026-09-08 16:15:39
771,70,435,5,1750000.0,2026-10-26,cancelled,2025-08-30 07:23:59
772,78,433,4,8000000.0,2025-07-25,confirmed,2025-04-30 19:21:59
773,114,497,5,25000000.0,2027-01-13,confirmed,2025-04-20 08:12:49
774,70,455,1,10000000.0,2026-09-05,confirmed,2025-09-17 01:37:11
775,43,402,5,25000000.0,2026-11-10,cancelled,2025-08-07 16:39:44
776,96,451,4,8000000.0,2027-04-04,cancelled,2026-06-16 21:06:05
777,36,423,1,10000000.0,2026-07-21,pending,2026-04-02 10:15:28
778,23,534,3,15000000.0,2025-08-30,confirmed,2025-03-12 12:06:26
779,70,580,2,1500000.0,2026-08-01,confirmed,2026-03-23 19:19:07
780,119,525,4,20000000.0,2027-07-22,confirmed,2027-01-04 07:16:26
781,25,572,5,750000.0,2026-04-23,confirmed,2025-08-05 09:02:59
782,87,439,1,10000000.0,2025-10-05,confirmed,2025-06-11 14:08:01
783,105,417,3,4500000.0,2025-04-17,cancelled,2025-02-12 00:13:25
784,121,471,1,1000000.0,2027-06-21,cancelled,2025-06-16 16:50:26
785,82,479,4,20000000.0,2026-05-28,cancelled,2025-03-12 19:39:24
786,49,521,1,250000.0,2026-03-11,pending,2025-03-07 09:52:17
787,43,464,3,9000000.0,2025-05-23,confirmed,2025-05-04 03:59:17
788,95,451,1,2000000.0,2027-04-04,pending,2025-01-19 08:11:09
789,44,505,3,4500000.0,2025-07-01,confirmed,2025-03-17 04:20:25
790,44,520,3,3000000.0,2026-04-17,pending,2026-01-14 00:19:38
791,42,438,2,2000000.0,2026-11-13,confirmed,2025-07-17 03:32:36
792,103,502,1,3000000.0,2025-05-08,cancelled,2025-02-28 13:17:19
793,23,514,3,1500000.0,2026-04-21,pending,2026-02-22 18:32:23
794,114,399,4,4000000.0,2027-07-01,cancelled,2026-11-23 14:11:20
795,124,440,5,7500000.0,2025-03-11,pending,2025-01-23 22:50:47
796,28,446,5,15000000.0,2026-10-03,confirmed,2025-03-21 18:15:02
797,87,402,1,5000000.0,2026-11-10,confirmed,2026-04-29 21:58:55
798,125,468,5,5000000.0,2026-11-04,cancelled,2026-10-05 09:44:27
799,105,424,2,10000000.0,2026-04-22,cancelled,2025-05-28 10:14:33
800,88,454,4,28000000.0,2027-02-22,confirmed,2026-08-22 21:04:10
801,31,403,5,50000000.0,2027-03-18,confirmed,2025-05-25 12:42:10
802,6,415,3,9000000.0,2025-04-17,confirmed,2025-01-15 01:57:01
803,105,411,3,1500000.0,2027-06-17,cancelled,2025-02-23 18:23:22
804,126,381,1,250000.0,2025-10-02,confirmed,2025-07-19 01:25:01
805,37,403,4,40000000.0,2027-03-18,cancelled,2026-03-12 04:58:27
806,113,478,3,9000000.0,2025-10-03,cancelled,2025-01-09 12:04:52
807,100,472,4,12000000.0,2026-04-20,confirmed,2026-04-09 10:15:07
808,79,565,3,6000000.0,2026-12-02,pending,2025-12-30 21:41:37
809,48,433,2,4000000.0,2025-07-25,pending,2025-06-30 04:03:01
810,88,388,1,750000.0,2026-10-23,pending,2026-02-08 03:36:38
811,46,543,5,15000000.0,2027-08-18,confirmed,2026-05-09 10:13:19
812,39,461,1,3000000.0,2025-04-08,confirmed,2025-01-09 21:16:36
813,70,457,3,4500000.0,2026-08-06,confirmed,2025-11-13 04:31:23
814,57,548,3,6000000.0,2027-05-22,pending,2026-07-03 09:19:23
815,83,472,1,3000000.0,2026-04-20,confirmed,2025-02-18 05:05:48
816,76,482,2,4000000.0,2027-04-22,confirmed,2026-01-17 00:31:00
817,28,416,2,14000000.0,2026-01-17,cancelled,2025-03-24 00:37:37
818,55,579,2,300000.0,2027-03-30,cancelled,2027-02-01 21:51:44
819,118,402,2,10000000.0,2026-11-10,pending,2026-01-02 02:24:41
820,56,456,3,450000.0,2025-03-22,pending,2025-03-03 02:10:43
821,12,381,2,500000.0,2025-10-02,confirmed,2025-07-20 22:40:08
822,48,487,4,600000.0,2026-04-03,confirmed,2025-01-06 18:58:17
823,99,455,1,10000000.0,2026-09-05,confirmed,2025-05-17 04:57:03
824,53,456,2,300000.0,2025-03-22,confirmed,2025-02-08 17:36:14
825,115,421,1,10000000.0,2026-01-20,pending,2025-10-23 01:34:56
826,55,526,2,700000.0,2027-06-18,confirmed,2025-03-06 10:46:02
827,81,666,2,2000000.0,2026-04-06,confirmed,2026-05-31 08:45:19
828,25,769,1,750000.0,2025-07-20,pending,2026-05-31 08:45:19
829,125,707,3,21000000.0,2026-04-18,pending,2026-05-31 08:45:19
830,102,704,1,5000000.0,2025-12-31,confirmed,2026-05-31 08:45:19
831,38,775,2,300000.0,2027-07-24,confirmed,2026-05-31 08:45:19
832,80,608,3,6000000.0,2026-11-18,confirmed,2026-05-31 08:45:19
833,102,694,2,6000000.0,2027-05-20,confirmed,2026-05-31 08:45:19
834,28,675,4,2000000.0,2026-05-18,confirmed,2026-05-31 08:45:19
835,27,665,4,12000000.0,2027-01-17,confirmed,2026-05-31 08:45:19
836,36,680,1,2000000.0,2026-03-20,confirmed,2026-05-31 08:45:19
837,53,699,5,750000.0,2026-05-29,cancelled,2026-05-31 08:45:19
838,61,664,4,40000000.0,2027-03-01,pending,2026-05-31 08:45:19
839,112,701,3,3000000.0,2027-06-01,cancelled,2026-05-31 08:45:19
840,22,761,5,5000000.0,2026-04-11,cancelled,2026-05-31 08:45:19
841,128,685,4,40000000.0,2025-10-21,pending,2026-05-31 08:45:19
842,93,630,4,6000000.0,2027-01-23,confirmed,2026-05-31 08:45:19
843,41,604,4,12000000.0,2025-07-03,confirmed,2026-05-31 08:45:19
844,64,701,4,4000000.0,2027-06-01,confirmed,2026-05-31 08:45:19
845,124,726,2,4000000.0,2026-12-27,confirmed,2026-05-31 08:45:19
846,12,746,1,7000000.0,2025-12-05,confirmed,2026-05-31 08:45:19
847,124,650,2,14000000.0,2026-03-27,confirmed,2026-05-31 08:45:19
848,116,615,2,1000000.0,2027-08-18,confirmed,2026-05-31 08:45:19
849,92,693,4,40000000.0,2026-12-13,confirmed,2026-05-31 08:45:19
850,48,770,4,28000000.0,2025-04-11,confirmed,2026-05-31 08:45:19
851,67,599,3,450000.0,2025-12-15,confirmed,2026-05-31 08:45:19
852,96,668,4,28000000.0,2026-07-05,confirmed,2026-05-31 08:45:19
853,40,666,3,3000000.0,2026-04-06,confirmed,2026-05-31 08:45:19
854,75,648,1,1000000.0,2027-01-08,confirmed,2026-05-31 08:45:19
855,6,768,4,12000000.0,2025-07-30,cancelled,2026-05-31 08:45:19
856,75,680,4,8000000.0,2026-03-20,cancelled,2026-05-31 08:45:19
857,113,634,3,9000000.0,2026-06-24,cancelled,2026-05-31 08:45:19
858,121,611,5,15000000.0,2027-05-19,confirmed,2026-05-31 08:45:19
859,69,775,4,600000.0,2027-07-24,confirmed,2026-05-31 08:45:19
860,119,646,2,14000000.0,2025-05-09,confirmed,2026-05-31 08:45:19
861,44,624,2,1500000.0,2026-04-26,pending,2026-05-31 08:45:19
862,117,600,3,1500000.0,2026-09-24,confirmed,2026-05-31 08:45:19
863,91,773,5,25000000.0,2026-08-11,pending,2026-05-31 08:45:19
864,79,614,3,15000000.0,2027-03-10,cancelled,2026-05-31 08:45:19
865,115,589,3,30000000.0,2025-12-15,confirmed,2026-05-31 08:45:19
866,66,700,4,1000000.0,2026-01-08,confirmed,2026-05-31 08:45:19
867,57,744,2,3000000.0,2027-07-10,confirmed,2026-05-31 08:45:19
868,76,773,2,10000000.0,2026-08-11,pending,2026-05-31 08:45:19
869,10,663,5,35000000.0,2025-11-25,confirmed,2026-05-31 08:45:19
870,32,703,5,750000.0,2025-05-07,confirmed,2026-05-31 08:45:19
871,36,711,4,28000000.0,2027-07-17,confirmed,2026-05-31 08:45:19
872,113,639,5,10000000.0,2026-09-09,confirmed,2026-05-31 08:45:19
873,111,706,5,5000000.0,2027-04-07,confirmed,2026-05-31 08:45:19
874,98,739,5,10000000.0,2026-07-13,cancelled,2026-05-31 08:45:19
875,6,616,3,1050000.0,2026-08-23,confirmed,2026-05-31 08:45:19
876,122,581,1,750000.0,2025-10-16,cancelled,2026-05-31 08:45:19
877,116,626,2,300000.0,2026-11-14,cancelled,2026-05-31 08:45:19
878,89,629,2,6000000.0,2026-04-08,pending,2026-05-31 08:45:19
879,91,762,1,1000000.0,2026-06-17,confirmed,2026-05-31 08:45:19
880,104,695,4,6000000.0,2026-01-28,pending,2026-05-31 08:45:19
881,109,743,5,1750000.0,2025-03-06,cancelled,2026-05-31 08:45:19
882,31,610,2,1500000.0,2026-11-21,cancelled,2026-05-31 08:45:19
883,22,630,3,4500000.0,2027-01-23,confirmed,2026-05-31 08:45:19
884,105,762,4,4000000.0,2026-06-17,confirmed,2026-05-31 08:45:19
885,85,672,4,20000000.0,2025-05-14,confirmed,2026-05-31 08:45:19
886,89,679,5,50000000.0,2026-04-05,confirmed,2026-05-31 08:45:19
887,65,766,1,2000000.0,2026-09-26,confirmed,2026-05-31 08:45:19
888,98,686,5,750000.0,2027-09-05,cancelled,2026-05-31 08:45:19
889,102,617,1,2000000.0,2026-04-04,pending,2026-05-31 08:45:19
890,20,685,3,30000000.0,2025-10-21,confirmed,2026-05-31 08:45:19
891,63,652,1,7000000.0,2026-04-10,cancelled,2026-05-31 08:45:19
892,108,756,4,600000.0,2025-11-28,cancelled,2026-05-31 08:45:19
893,49,716,3,3000000.0,2026-03-13,cancelled,2026-05-31 08:45:19
894,103,584,5,3750000.0,2025-09-15,confirmed,2026-05-31 08:45:19
895,36,686,4,600000.0,2027-09-05,confirmed,2026-05-31 08:45:19
896,63,673,2,700000.0,2025-11-13,cancelled,2026-05-31 08:45:19
897,45,632,5,1250000.0,2025-08-23,confirmed,2026-05-31 08:45:19
898,127,730,2,1500000.0,2027-06-01,confirmed,2026-05-31 08:45:19
899,41,628,1,10000000.0,2026-08-29,cancelled,2026-05-31 08:45:19
900,125,596,5,7500000.0,2025-07-02,confirmed,2026-05-31 08:45:19
901,60,779,2,700000.0,2025-12-04,confirmed,2026-05-31 08:45:19
902,21,631,2,500000.0,2026-07-06,cancelled,2026-05-31 08:45:19
903,125,742,5,10000000.0,2025-12-17,cancelled,2026-05-31 08:45:19
904,108,614,4,20000000.0,2027-03-10,cancelled,2026-05-31 08:45:19
905,23,728,1,10000000.0,2025-10-18,confirmed,2026-05-31 08:45:19
906,21,652,5,35000000.0,2026-04-10,confirmed,2026-05-31 08:45:19
907,20,664,4,40000000.0,2027-03-01,confirmed,2026-05-31 08:45:19
908,69,611,5,15000000.0,2027-05-19,pending,2026-05-31 08:45:19
909,10,770,3,21000000.0,2025-04-11,pending,2026-05-31 08:45:19
910,91,740,2,4000000.0,2026-08-05,cancelled,2026-05-31 08:45:19
911,85,735,1,350000.0,2026-03-31,cancelled,2026-05-31 08:45:19
912,81,779,3,1050000.0,2025-12-04,confirmed,2026-05-31 08:45:19
913,112,754,4,20000000.0,2027-01-18,cancelled,2026-05-31 08:45:19
914,61,732,5,10000000.0,2026-04-21,confirmed,2026-05-31 08:45:19
915,20,774,4,28000000.0,2027-01-29,confirmed,2026-05-31 08:45:19
916,82,643,3,15000000.0,2026-06-17,confirmed,2026-05-31 08:45:19
917,71,589,1,10000000.0,2025-12-15,confirmed,2026-05-31 08:45:19
918,91,682,1,150000.0,2026-09-30,confirmed,2026-05-31 08:45:19
919,114,581,4,3000000.0,2025-10-16,cancelled,2026-05-31 08:45:19
920,86,774,3,21000000.0,2027-01-29,pending,2026-05-31 08:45:19
921,103,748,2,20000000.0,2027-06-20,confirmed,2026-05-31 08:45:19
922,52,776,4,3000000.0,2025-10-03,cancelled,2026-05-31 08:45:19
923,64,671,4,20000000.0,2026-05-13,pending,2026-05-31 08:45:19
924,43,602,5,7500000.0,2027-06-29,confirmed,2026-05-31 08:45:19
925,63,681,3,1050000.0,2025-12-09,cancelled,2026-05-31 08:45:19
926,18,644,1,250000.0,2027-04-20,cancelled,2026-05-31 08:45:19
927,45,602,2,3000000.0,2027-06-29,pending,2026-05-31 08:45:19
928,86,768,5,15000000.0,2025-07-30,cancelled,2026-05-31 08:45:19
929,48,659,1,250000.0,2026-11-29,confirmed,2026-05-31 08:45:19
930,73,730,5,3750000.0,2027-06-01,confirmed,2026-05-31 08:45:19
931,26,613,2,1500000.0,2026-09-05,confirmed,2026-05-31 08:45:19
932,99,658,3,6000000.0,2026-08-03,pending,2026-05-31 08:45:19
933,100,768,3,9000000.0,2025-07-30,confirmed,2026-05-31 08:45:19
934,52,637,5,15000000.0,2025-06-29,cancelled,2026-05-31 08:45:19
935,70,626,3,450000.0,2026-11-14,confirmed,2026-05-31 08:45:19
936,70,687,3,750000.0,2026-09-02,cancelled,2026-05-31 08:45:19
937,107,759,1,250000.0,2025-09-24,confirmed,2026-05-31 08:45:19
938,6,706,2,2000000.0,2027-04-07,pending,2026-05-31 08:45:19
939,110,700,1,250000.0,2026-01-08,pending,2026-05-31 08:45:19
940,109,721,5,7500000.0,2026-08-06,confirmed,2026-05-31 08:45:19
941,76,590,3,1500000.0,2025-10-17,cancelled,2026-05-31 08:45:19
942,106,694,2,6000000.0,2027-05-20,confirmed,2026-05-31 08:45:19
943,76,680,1,2000000.0,2026-03-20,confirmed,2026-05-31 08:45:19
944,86,654,4,2000000.0,2026-09-05,confirmed,2026-05-31 08:45:19
945,12,732,1,2000000.0,2026-04-21,confirmed,2026-05-31 08:45:19
946,53,773,4,20000000.0,2026-08-11,confirmed,2026-05-31 08:45:19
947,94,664,2,20000000.0,2027-03-01,pending,2026-05-31 08:45:19
948,48,739,4,8000000.0,2026-07-13,confirmed,2026-05-31 08:45:19
949,35,673,1,350000.0,2025-11-13,confirmed,2026-05-31 08:45:19
950,111,581,2,1500000.0,2025-10-16,confirmed,2026-05-31 08:45:19
951,113,617,2,4000000.0,2026-04-04,pending,2026-05-31 08:45:19
952,101,719,3,1500000.0,2025-07-01,confirmed,2026-05-31 08:45:19
953,104,683,2,3000000.0,2027-05-15,pending,2026-05-31 08:45:19
954,58,701,2,2000000.0,2027-06-01,cancelled,2026-05-31 08:45:19
955,103,684,1,3000000.0,2026-09-12,cancelled,2026-05-31 08:45:19
956,28,658,4,8000000.0,2026-08-03,confirmed,2026-05-31 08:45:19
957,56,641,5,25000000.0,2027-02-09,confirmed,2026-05-31 08:45:19
958,30,727,3,15000000.0,2025-09-09,cancelled,2026-05-31 08:45:19
959,125,653,3,1500000.0,2025-11-30,confirmed,2026-05-31 08:45:19
960,42,595,2,1500000.0,2027-01-23,confirmed,2026-05-31 08:45:19
961,54,689,5,50000000.0,2026-11-15,confirmed,2026-05-31 08:45:19
962,33,633,5,750000.0,2026-12-22,confirmed,2026-05-31 08:45:19
963,106,719,1,500000.0,2025-07-01,confirmed,2026-05-31 08:45:19
964,125,702,3,15000000.0,2026-07-30,confirmed,2026-05-31 08:45:19
965,12,692,5,25000000.0,2026-11-06,confirmed,2026-05-31 08:45:19
966,51,770,4,28000000.0,2025-04-11,confirmed,2026-05-31 08:45:19
967,68,632,5,1250000.0,2025-08-23,pending,2026-05-31 08:45:19
968,50,642,1,500000.0,2027-06-11,confirmed,2026-05-31 08:45:19
969,100,645,4,20000000.0,2025-12-12,pending,2026-05-31 08:45:19
970,50,656,1,750000.0,2025-09-03,cancelled,2026-05-31 08:45:19
971,20,722,3,750000.0,2026-02-02,cancelled,2026-05-31 08:45:19
972,58,762,2,2000000.0,2026-06-17,confirmed,2026-05-31 08:45:19
973,104,636,5,7500000.0,2026-09-29,confirmed,2026-05-31 08:45:19
974,70,614,5,25000000.0,2027-03-10,confirmed,2026-05-31 08:45:19
975,119,757,3,6000000.0,2026-10-25,pending,2026-05-31 08:45:19
976,79,629,1,3000000.0,2026-04-08,confirmed,2026-05-31 08:45:19
977,119,668,5,35000000.0,2026-07-05,confirmed,2026-05-31 08:45:19
978,49,654,2,1000000.0,2026-09-05,confirmed,2026-05-31 08:45:19
979,25,691,2,1000000.0,2026-05-15,confirmed,2026-05-31 08:45:19
980,60,582,4,3000000.0,2026-06-04,cancelled,2026-05-31 08:45:19
981,39,616,1,350000.0,2026-08-23,pending,2026-05-31 08:45:19
982,96,727,2,10000000.0,2025-09-09,confirmed,2026-05-31 08:45:19
983,43,623,5,1750000.0,2027-06-13,confirmed,2026-05-31 08:45:19
984,12,720,2,500000.0,2025-03-16,confirmed,2026-05-31 08:45:19
985,66,778,2,300000.0,2026-04-25,confirmed,2026-05-31 08:45:19
986,61,624,2,1500000.0,2026-04-26,confirmed,2026-05-31 08:45:19
987,112,596,1,1500000.0,2025-07-02,pending,2026-05-31 08:45:19
988,87,618,5,1250000.0,2026-10-11,confirmed,2026-05-31 08:45:19
989,105,665,4,12000000.0,2027-01-17,pending,2026-05-31 08:45:19
990,35,779,4,1400000.0,2025-12-04,cancelled,2026-05-31 08:45:19
991,38,689,3,30000000.0,2026-11-15,confirmed,2026-05-31 08:45:19
992,86,604,2,6000000.0,2025-07-03,cancelled,2026-05-31 08:45:19
993,58,599,4,600000.0,2025-12-15,confirmed,2026-05-31 08:45:19
994,72,706,4,4000000.0,2027-04-07,confirmed,2026-05-31 08:45:19
995,121,668,4,28000000.0,2026-07-05,confirmed,2026-05-31 08:45:19
996,58,603,1,250000.0,2026-08-05,cancelled,2026-05-31 08:45:19
997,100,747,4,2000000.0,2027-02-07,confirmed,2026-05-31 08:45:19
998,42,612,4,1000000.0,2027-07-11,cancelled,2026-05-31 08:45:19
999,101,772,2,10000000.0,2025-12-23,confirmed,2026-05-31 08:45:19
1000,124,719,5,2500000.0,2025-07-01,confirmed,2026-05-31 08:45:19
1001,105,719,3,1500000.0,2025-07-01,confirmed,2026-05-31 08:45:19
1002,44,651,4,3000000.0,2027-01-26,cancelled,2026-05-31 08:45:19
1003,87,753,2,1500000.0,2026-05-31,cancelled,2026-05-31 08:45:19
1004,50,658,1,2000000.0,2026-08-03,cancelled,2026-05-31 08:45:19
1005,62,621,1,350000.0,2027-03-20,confirmed,2026-05-31 08:45:19
1006,97,689,3,30000000.0,2026-11-15,pending,2026-05-31 08:45:19
1007,94,703,3,450000.0,2025-05-07,pending,2026-05-31 08:45:19
1008,6,603,4,1000000.0,2026-08-05,confirmed,2026-05-31 08:45:19
1009,114,594,5,1250000.0,2026-09-07,pending,2026-05-31 08:45:19
1010,117,719,4,2000000.0,2025-07-01,cancelled,2026-05-31 08:45:19
1011,44,669,3,21000000.0,2027-03-10,confirmed,2026-05-31 08:45:19
1012,127,696,1,2000000.0,2025-03-14,confirmed,2026-05-31 08:45:19
1013,71,659,3,750000.0,2026-11-29,confirmed,2026-05-31 08:45:19
1014,45,649,4,12000000.0,2027-03-29,confirmed,2026-05-31 08:45:19
1015,40,761,4,4000000.0,2026-04-11,pending,2026-05-31 08:45:19
1016,25,633,4,600000.0,2026-12-22,confirmed,2026-05-31 08:45:19
1017,43,776,3,2250000.0,2025-10-03,pending,2026-05-31 08:45:19
1018,127,638,4,12000000.0,2027-05-13,confirmed,2026-05-31 08:45:19
1019,38,777,4,20000000.0,2026-10-22,pending,2026-05-31 08:45:19
1020,49,620,2,20000000.0,2025-10-08,cancelled,2026-05-31 08:45:19
1021,6,593,4,6000000.0,2025-06-23,confirmed,2026-05-31 08:45:19
1022,85,757,1,2000000.0,2026-10-25,pending,2026-05-31 08:45:19
1023,119,743,3,1050000.0,2025-03-06,confirmed,2026-05-31 08:45:19
1024,96,754,2,10000000.0,2027-01-18,confirmed,2026-05-31 08:45:19
1025,84,586,4,8000000.0,2025-08-29,cancelled,2026-05-31 08:45:19
1026,58,685,5,50000000.0,2025-10-21,pending,2026-05-31 08:45:19
1027,115,638,2,6000000.0,2027-05-13,confirmed,2026-05-31 08:45:19
1028,82,665,3,9000000.0,2027-01-17,confirmed,2026-05-31 08:45:19
1029,80,644,1,250000.0,2027-04-20,confirmed,2026-05-31 08:45:19
1030,69,753,2,1500000.0,2026-05-31,confirmed,2026-05-31 08:45:19
1031,87,749,5,1750000.0,2026-04-12,cancelled,2026-05-31 08:45:19
1032,115,749,4,1400000.0,2026-04-12,confirmed,2026-05-31 08:45:19
1033,48,620,4,40000000.0,2025-10-08,confirmed,2026-05-31 08:45:19
1034,31,757,3,6000000.0,2026-10-25,cancelled,2026-05-31 08:45:19
1035,80,623,1,350000.0,2027-06-13,pending,2026-05-31 08:45:19
1036,38,697,1,5000000.0,2025-12-04,confirmed,2026-05-31 08:45:19
1037,117,771,1,7000000.0,2025-08-13,confirmed,2026-05-31 08:45:19
1038,111,749,2,700000.0,2026-04-12,confirmed,2026-05-31 08:45:19
1039,86,734,3,750000.0,2025-07-05,cancelled,2026-05-31 08:45:19
1040,100,595,2,1500000.0,2027-01-23,pending,2026-05-31 08:45:19
1041,42,716,4,4000000.0,2026-03-13,confirmed,2026-05-31 08:45:19
1042,63,634,3,9000000.0,2026-06-24,cancelled,2026-05-31 08:45:19
1043,91,690,5,5000000.0,2026-07-04,confirmed,2026-05-31 08:45:19
1044,92,591,1,150000.0,2026-08-30,confirmed,2026-05-31 08:45:19
1045,95,594,1,250000.0,2026-09-07,pending,2026-05-31 08:45:19
1046,70,637,1,3000000.0,2025-06-29,pending,2026-05-31 08:45:19
1047,119,639,3,6000000.0,2026-09-09,confirmed,2026-05-31 08:45:19
1048,82,752,4,12000000.0,2027-08-29,confirmed,2026-05-31 08:45:19
1049,97,680,5,10000000.0,2026-03-20,confirmed,2026-05-31 08:45:19
1050,121,654,1,500000.0,2026-09-05,confirmed,2026-05-31 08:45:19
1051,112,724,5,7500000.0,2027-06-12,confirmed,2026-05-31 08:45:19
1052,128,628,2,20000000.0,2026-08-29,confirmed,2026-05-31 08:45:19
1053,50,693,3,30000000.0,2026-12-13,confirmed,2026-05-31 08:45:19
1054,12,758,5,7500000.0,2027-05-22,pending,2026-05-31 08:45:19
1055,46,780,3,1050000.0,2026-02-20,cancelled,2026-05-31 08:45:19
1056,6,724,4,6000000.0,2027-06-12,confirmed,2026-05-31 08:45:19
1057,35,760,2,2000000.0,2027-07-30,confirmed,2026-05-31 08:45:19
1058,68,683,1,1500000.0,2027-05-15,confirmed,2026-05-31 08:45:19
1059,53,763,4,12000000.0,2027-04-05,confirmed,2026-05-31 08:45:19
1060,60,634,2,6000000.0,2026-06-24,confirmed,2026-05-31 08:45:19
1061,57,662,4,8000000.0,2026-04-03,cancelled,2026-05-31 08:45:19
1062,64,713,2,1000000.0,2025-06-14,confirmed,2026-05-31 08:45:19
1063,61,643,1,5000000.0,2026-06-17,confirmed,2026-05-31 08:45:19
1064,99,705,1,150000.0,2026-05-26,cancelled,2026-05-31 08:45:19
1065,115,607,4,1400000.0,2027-05-05,cancelled,2026-05-31 08:45:19
1066,111,660,2,20000000.0,2026-11-15,cancelled,2026-05-31 08:45:19
1067,51,633,4,600000.0,2026-12-22,confirmed,2026-05-31 08:45:19
1068,97,755,2,700000.0,2027-03-31,confirmed,2026-05-31 08:45:19
1069,105,696,2,4000000.0,2025-03-14,cancelled,2026-05-31 08:45:19
1070,74,688,3,6000000.0,2027-06-05,confirmed,2026-05-31 08:45:19
1071,70,614,5,25000000.0,2027-03-10,confirmed,2026-05-31 08:45:19
1072,97,771,5,35000000.0,2025-08-13,confirmed,2026-05-31 08:45:19
1073,125,595,1,750000.0,2027-01-23,cancelled,2026-05-31 08:45:19
1074,128,746,2,14000000.0,2025-12-05,confirmed,2026-05-31 08:45:19
1075,125,688,4,8000000.0,2027-06-05,confirmed,2026-05-31 08:45:19
1076,26,747,3,1500000.0,2027-02-07,confirmed,2026-05-31 08:45:19
1077,70,763,3,9000000.0,2027-04-05,cancelled,2026-05-31 08:45:19
1078,96,621,5,1750000.0,2027-03-20,cancelled,2026-05-31 08:45:19
1079,115,652,2,14000000.0,2026-04-10,pending,2026-05-31 08:45:19
1080,122,690,3,3000000.0,2026-07-04,confirmed,2026-05-31 08:45:19
1081,112,598,2,3000000.0,2025-10-09,confirmed,2026-05-31 08:45:19
1082,118,703,5,750000.0,2025-05-07,pending,2026-05-31 08:45:19
1083,35,690,3,3000000.0,2026-07-04,confirmed,2026-05-31 08:45:20
1084,45,774,4,28000000.0,2027-01-29,cancelled,2026-05-31 08:45:20
1085,128,608,4,8000000.0,2026-11-18,confirmed,2026-05-31 08:45:20
1086,106,585,4,6000000.0,2025-10-10,confirmed,2026-05-31 08:45:20
1087,50,737,4,28000000.0,2027-06-14,cancelled,2026-05-31 08:45:20
1088,95,716,4,4000000.0,2026-03-13,pending,2026-05-31 08:45:20
1089,112,751,1,3000000.0,2027-07-21,confirmed,2026-05-31 08:45:20
1090,69,637,3,9000000.0,2025-06-29,cancelled,2026-05-31 08:45:20
1091,29,693,5,50000000.0,2026-12-13,confirmed,2026-05-31 08:45:20
1092,115,704,1,5000000.0,2025-12-31,confirmed,2026-05-31 08:45:20
1093,86,613,3,2250000.0,2026-09-05,confirmed,2026-05-31 08:45:20
1094,61,596,3,4500000.0,2025-07-02,confirmed,2026-05-31 08:45:20
1095,49,773,4,20000000.0,2026-08-11,confirmed,2026-05-31 08:45:20
1096,31,631,3,750000.0,2026-07-06,pending,2026-05-31 08:45:20
1097,47,660,5,50000000.0,2026-11-15,confirmed,2026-05-31 08:45:20
1098,125,624,4,3000000.0,2026-04-26,confirmed,2026-05-31 08:45:20
1099,59,724,3,4500000.0,2027-06-12,pending,2026-05-31 08:45:20
1100,88,773,5,25000000.0,2026-08-11,pending,2026-05-31 08:45:20
1101,117,617,4,8000000.0,2026-04-04,confirmed,2026-05-31 08:45:20
1102,104,708,4,4000000.0,2026-02-25,confirmed,2026-05-31 08:45:20
1103,52,719,3,1500000.0,2025-07-01,cancelled,2026-05-31 08:45:20
1104,81,586,3,6000000.0,2025-08-29,confirmed,2026-05-31 08:45:20
1105,67,727,1,5000000.0,2025-09-09,pending,2026-05-31 08:45:20
1106,32,623,4,1400000.0,2027-06-13,confirmed,2026-05-31 08:45:20
1107,57,746,3,21000000.0,2025-12-05,cancelled,2026-05-31 08:45:20
1108,83,709,2,4000000.0,2027-05-22,pending,2026-05-31 08:45:20
1109,111,653,4,2000000.0,2025-11-30,confirmed,2026-05-31 08:45:20
1110,67,700,1,250000.0,2026-01-08,pending,2026-05-31 08:45:20
1111,122,626,2,300000.0,2026-11-14,confirmed,2026-05-31 08:45:20
1112,29,710,5,7500000.0,2026-10-16,confirmed,2026-05-31 08:45:20
1113,75,756,4,600000.0,2025-11-28,cancelled,2026-05-31 08:45:20
1114,116,639,1,2000000.0,2026-09-09,confirmed,2026-05-31 08:45:20
1115,61,589,2,20000000.0,2025-12-15,pending,2026-05-31 08:45:20
1116,104,661,1,350000.0,2026-11-10,pending,2026-05-31 08:45:20
1117,55,702,3,15000000.0,2026-07-30,confirmed,2026-05-31 08:45:20
1118,84,777,3,15000000.0,2026-10-22,confirmed,2026-05-31 08:45:20
1119,72,704,3,15000000.0,2025-12-31,confirmed,2026-05-31 08:45:20
1120,38,714,1,1000000.0,2027-03-03,confirmed,2026-05-31 08:45:20
1121,99,701,4,4000000.0,2027-06-01,confirmed,2026-05-31 08:45:20
1122,28,625,4,8000000.0,2027-02-21,confirmed,2026-05-31 08:45:20
1123,75,609,1,5000000.0,2025-07-10,confirmed,2026-05-31 08:45:20
1124,65,744,1,1500000.0,2027-07-10,cancelled,2026-05-31 08:45:20
1125,84,622,1,7000000.0,2027-06-13,confirmed,2026-05-31 08:45:20
1126,76,667,5,35000000.0,2026-02-14,pending,2026-05-31 08:45:20
1127,49,761,5,5000000.0,2026-04-11,cancelled,2026-05-31 08:45:20
1128,59,726,1,2000000.0,2026-12-27,confirmed,2026-05-31 08:45:20
1129,12,596,4,6000000.0,2025-07-02,cancelled,2026-05-31 08:45:20
1130,35,583,4,600000.0,2025-08-11,confirmed,2026-05-31 08:45:20
1131,113,676,2,500000.0,2027-02-24,cancelled,2026-05-31 08:45:20
1132,108,667,3,21000000.0,2026-02-14,confirmed,2026-05-31 08:45:20
1133,27,641,1,5000000.0,2027-02-09,confirmed,2026-05-31 08:45:20
1134,77,625,2,4000000.0,2027-02-21,cancelled,2026-05-31 08:45:20
1135,94,733,3,21000000.0,2026-06-20,cancelled,2026-05-31 08:45:20
1136,27,756,5,750000.0,2025-11-28,confirmed,2026-05-31 08:45:20
1137,59,753,4,3000000.0,2026-05-31,confirmed,2026-05-31 08:45:20
1138,73,728,2,20000000.0,2025-10-18,confirmed,2026-05-31 08:45:20
1139,57,602,5,7500000.0,2027-06-29,confirmed,2026-05-31 08:45:20
1140,111,682,4,600000.0,2026-09-30,cancelled,2026-05-31 08:45:20
1141,75,627,4,20000000.0,2027-06-18,cancelled,2026-05-31 08:45:20
1142,61,743,5,1750000.0,2025-03-06,cancelled,2026-05-31 08:45:20
1143,27,690,3,3000000.0,2026-07-04,pending,2026-05-31 08:45:20
1144,121,641,5,25000000.0,2027-02-09,confirmed,2026-05-31 08:45:20
1145,51,729,1,350000.0,2025-11-15,pending,2026-05-31 08:45:20
1146,42,700,3,750000.0,2026-01-08,pending,2026-05-31 08:45:20
1147,27,734,3,750000.0,2025-07-05,confirmed,2026-05-31 08:45:20
1148,126,592,5,35000000.0,2027-02-12,pending,2026-05-31 08:45:20
1149,75,670,4,12000000.0,2026-08-03,cancelled,2026-05-31 08:45:20
1150,110,653,5,2500000.0,2025-11-30,confirmed,2026-05-31 08:45:20
1151,73,739,1,2000000.0,2026-07-13,cancelled,2026-05-31 08:45:20
1152,6,776,4,3000000.0,2025-10-03,confirmed,2026-05-31 08:45:20
1153,111,591,2,300000.0,2026-08-30,confirmed,2026-05-31 08:45:20
1154,58,681,1,350000.0,2025-12-09,cancelled,2026-05-31 08:45:20
1155,78,753,1,750000.0,2026-05-31,confirmed,2026-05-31 08:45:20
1156,34,744,4,6000000.0,2027-07-10,pending,2026-05-31 08:45:20
1157,53,608,2,4000000.0,2026-11-18,confirmed,2026-05-31 08:45:20
1158,60,746,4,28000000.0,2025-12-05,confirmed,2026-05-31 08:45:20
1159,104,636,2,3000000.0,2026-09-29,confirmed,2026-05-31 08:45:20
1160,12,622,4,28000000.0,2027-06-13,pending,2026-05-31 08:45:20
1161,116,585,1,1500000.0,2025-10-10,pending,2026-05-31 08:45:20
1162,46,678,1,150000.0,2025-09-07,confirmed,2026-05-31 08:45:20
1163,45,691,3,1500000.0,2026-05-15,confirmed,2026-05-31 08:45:20
1164,39,751,1,3000000.0,2027-07-21,cancelled,2026-05-31 08:45:20
1165,29,666,3,3000000.0,2026-04-06,confirmed,2026-05-31 08:45:20
1166,116,673,2,700000.0,2025-11-13,confirmed,2026-05-31 08:45:20
1167,105,583,3,450000.0,2025-08-11,confirmed,2026-05-31 08:45:20
1168,83,644,3,750000.0,2027-04-20,confirmed,2026-05-31 08:45:20
1169,84,767,4,3000000.0,2026-08-06,cancelled,2026-05-31 08:45:20
1170,119,716,5,5000000.0,2026-03-13,confirmed,2026-05-31 08:45:20
1171,41,752,5,15000000.0,2027-08-29,pending,2026-05-31 08:45:20
1172,80,591,1,150000.0,2026-08-30,pending,2026-05-31 08:45:20
1173,26,658,4,8000000.0,2026-08-03,pending,2026-05-31 08:45:20
1174,58,583,1,150000.0,2025-08-11,confirmed,2026-05-31 08:45:20
1175,109,688,5,10000000.0,2027-06-05,confirmed,2026-05-31 08:45:20
1176,42,583,3,450000.0,2025-08-11,cancelled,2026-05-31 08:45:20
1177,88,592,2,14000000.0,2027-02-12,confirmed,2026-05-31 08:45:20
1178,36,776,5,3750000.0,2025-10-03,confirmed,2026-05-31 08:45:20
1179,46,629,2,6000000.0,2026-04-08,confirmed,2026-05-31 08:45:20
1180,64,708,4,4000000.0,2026-02-25,pending,2026-05-31 08:45:20
1181,109,739,5,10000000.0,2026-07-13,confirmed,2026-05-31 08:45:20
1182,115,683,2,3000000.0,2027-05-15,confirmed,2026-05-31 08:45:20
1183,78,633,1,150000.0,2026-12-22,confirmed,2026-05-31 08:45:20
1184,107,700,2,500000.0,2026-01-08,confirmed,2026-05-31 08:45:20
1185,79,717,1,10000000.0,2025-12-03,confirmed,2026-05-31 08:45:20
1186,110,685,1,10000000.0,2025-10-21,pending,2026-05-31 08:45:20
1187,99,595,2,1500000.0,2027-01-23,pending,2026-05-31 08:45:20
1188,49,602,3,4500000.0,2027-06-29,confirmed,2026-05-31 08:45:20
1189,80,772,3,15000000.0,2025-12-23,cancelled,2026-05-31 08:45:20
1190,82,726,3,6000000.0,2026-12-27,pending,2026-05-31 08:45:20
1191,31,684,4,12000000.0,2026-09-12,pending,2026-05-31 08:45:20
1192,97,736,2,10000000.0,2026-11-23,cancelled,2026-05-31 08:45:20
1193,84,743,2,700000.0,2025-03-06,cancelled,2026-05-31 08:45:20
1194,78,701,2,2000000.0,2027-06-01,confirmed,2026-05-31 08:45:20
1195,100,637,4,12000000.0,2025-06-29,confirmed,2026-05-31 08:45:20
1196,121,621,5,1750000.0,2027-03-20,confirmed,2026-05-31 08:45:20
1197,66,700,5,1250000.0,2026-01-08,confirmed,2026-05-31 08:45:20
1198,47,651,2,1500000.0,2027-01-26,confirmed,2026-05-31 08:45:20
1199,73,592,3,21000000.0,2027-02-12,cancelled,2026-05-31 08:45:20
1200,127,771,3,21000000.0,2025-08-13,pending,2026-05-31 08:45:20
1201,47,740,2,4000000.0,2026-08-05,confirmed,2026-05-31 08:45:20
1202,127,720,1,250000.0,2025-03-16,pending,2026-05-31 08:45:20
1203,50,770,5,35000000.0,2025-04-11,cancelled,2026-05-31 08:45:20
1204,43,707,4,28000000.0,2026-04-18,confirmed,2026-05-31 08:45:20
1205,66,622,1,7000000.0,2027-06-13,cancelled,2026-05-31 08:45:20
1206,44,712,5,750000.0,2026-03-19,confirmed,2026-05-31 08:45:20
1207,125,771,2,14000000.0,2025-08-13,confirmed,2026-05-31 08:45:20
1208,43,763,3,9000000.0,2027-04-05,confirmed,2026-05-31 08:45:20
1209,119,603,2,500000.0,2026-08-05,confirmed,2026-05-31 08:45:20
1210,42,583,5,750000.0,2025-08-11,confirmed,2026-05-31 08:45:20
1211,98,610,1,750000.0,2026-11-21,pending,2026-05-31 08:45:20
1212,57,629,2,6000000.0,2026-04-08,confirmed,2026-05-31 08:45:20
1213,108,641,2,10000000.0,2027-02-09,cancelled,2026-05-31 08:45:20
1214,61,611,2,6000000.0,2027-05-19,confirmed,2026-05-31 08:45:20
1215,124,613,4,3000000.0,2026-09-05,pending,2026-05-31 08:45:20
1216,111,712,1,150000.0,2026-03-19,pending,2026-05-31 08:45:20
1217,59,764,5,10000000.0,2026-08-04,cancelled,2026-05-31 08:45:20
1218,64,776,4,3000000.0,2025-10-03,confirmed,2026-05-31 08:45:20
1219,44,624,2,1500000.0,2026-04-26,confirmed,2026-05-31 08:45:20
1220,120,662,1,2000000.0,2026-04-03,cancelled,2026-05-31 08:45:20
1221,97,714,5,5000000.0,2027-03-03,confirmed,2026-05-31 08:45:20
1222,72,741,2,6000000.0,2026-07-07,confirmed,2026-05-31 08:45:20
1223,128,755,3,1050000.0,2027-03-31,pending,2026-05-31 08:45:20
1224,51,607,1,350000.0,2027-05-05,confirmed,2026-05-31 08:45:20
1225,102,775,2,300000.0,2027-07-24,pending,2026-05-31 08:45:20
1226,74,687,5,1250000.0,2026-09-02,confirmed,2026-05-31 08:45:20
1227,44,602,1,1500000.0,2027-06-29,cancelled,2026-05-31 08:45:20
1228,56,728,3,30000000.0,2025-10-18,pending,2026-05-31 08:45:20
1229,39,711,2,14000000.0,2027-07-17,confirmed,2026-05-31 08:45:20
1230,20,623,3,1050000.0,2027-06-13,confirmed,2026-05-31 08:45:20
1231,63,625,1,2000000.0,2027-02-21,confirmed,2026-05-31 08:45:20
1232,75,732,5,10000000.0,2026-04-21,cancelled,2026-05-31 08:45:20
1233,75,759,1,250000.0,2025-09-24,cancelled,2026-05-31 08:45:20
1234,117,619,1,1500000.0,2025-02-22,confirmed,2026-05-31 08:45:20
1235,75,615,2,1000000.0,2027-08-18,confirmed,2026-05-31 08:45:20
1236,102,618,5,1250000.0,2026-10-11,confirmed,2026-05-31 08:45:20
1237,28,667,1,7000000.0,2026-02-14,cancelled,2026-05-31 08:45:20
1238,64,725,2,1500000.0,2026-04-23,cancelled,2026-05-31 08:45:20
1239,105,581,5,3750000.0,2025-10-16,confirmed,2026-05-31 08:45:20
1240,41,587,2,3000000.0,2026-08-31,pending,2026-05-31 08:45:20
1241,67,690,4,4000000.0,2026-07-04,confirmed,2026-05-31 08:45:20
1242,120,655,5,3750000.0,2026-12-18,confirmed,2026-05-31 08:45:20
1243,81,598,3,4500000.0,2025-10-09,confirmed,2026-05-31 08:45:20
1244,40,606,2,3000000.0,2027-08-22,pending,2026-05-31 08:45:20
1245,65,698,4,4000000.0,2027-04-24,confirmed,2026-05-31 08:45:20
1246,35,745,2,700000.0,2027-01-31,pending,2026-05-31 08:45:20
1247,62,748,3,30000000.0,2027-06-20,confirmed,2026-05-31 08:45:20
1248,121,682,4,600000.0,2026-09-30,confirmed,2026-05-31 08:45:20
1249,45,630,1,1500000.0,2027-01-23,cancelled,2026-05-31 08:45:20
1250,34,640,4,40000000.0,2026-11-26,confirmed,2026-05-31 08:45:20
1251,72,634,5,15000000.0,2026-06-24,confirmed,2026-05-31 08:45:20
1252,30,692,4,20000000.0,2026-11-06,confirmed,2026-05-31 08:45:20
1253,22,763,5,15000000.0,2027-04-05,cancelled,2026-05-31 08:45:20
1254,73,732,2,4000000.0,2026-04-21,confirmed,2026-05-31 08:45:20
1255,73,758,4,6000000.0,2027-05-22,confirmed,2026-05-31 08:45:20
1256,119,724,5,7500000.0,2027-06-12,confirmed,2026-05-31 08:45:20
1257,105,710,3,4500000.0,2026-10-16,pending,2026-05-31 08:45:20
1258,89,663,2,14000000.0,2025-11-25,confirmed,2026-05-31 08:45:20
1259,76,679,5,50000000.0,2026-04-05,cancelled,2026-05-31 08:45:20
1260,27,679,2,20000000.0,2026-04-05,confirmed,2026-05-31 08:45:20
1261,53,652,5,35000000.0,2026-04-10,confirmed,2026-05-31 08:45:20
1262,85,614,3,15000000.0,2027-03-10,pending,2026-05-31 08:45:20
1263,95,588,4,20000000.0,2026-01-22,confirmed,2026-05-31 08:45:20
1264,12,671,5,25000000.0,2026-05-13,confirmed,2026-05-31 08:45:20
1265,55,754,3,15000000.0,2027-01-18,confirmed,2026-05-31 08:45:20
1266,12,647,5,3750000.0,2026-12-19,pending,2026-05-31 08:45:20
1267,20,620,1,10000000.0,2025-10-08,confirmed,2026-05-31 08:45:20
1268,29,655,3,2250000.0,2026-12-18,pending,2026-05-31 08:45:20
1269,34,634,1,3000000.0,2026-06-24,pending,2026-05-31 08:45:20
1270,120,758,4,6000000.0,2027-05-22,confirmed,2026-05-31 08:45:20
1271,85,698,4,4000000.0,2027-04-24,cancelled,2026-05-31 08:45:20
1272,57,724,5,7500000.0,2027-06-12,confirmed,2026-05-31 08:45:20
1273,71,703,4,600000.0,2025-05-07,cancelled,2026-05-31 08:45:20
1274,44,620,4,40000000.0,2025-10-08,confirmed,2026-05-31 08:45:20
1275,30,751,3,9000000.0,2027-07-21,confirmed,2026-05-31 08:45:20
1276,100,602,2,3000000.0,2027-06-29,confirmed,2026-05-31 08:45:20
1277,20,779,3,1050000.0,2025-12-04,confirmed,2026-05-31 08:45:20
1278,116,718,4,40000000.0,2026-02-09,confirmed,2026-05-31 08:45:20
1279,35,689,5,50000000.0,2026-11-15,confirmed,2026-05-31 08:45:20
1280,59,669,4,28000000.0,2027-03-10,confirmed,2026-05-31 08:45:20
1281,78,630,1,1500000.0,2027-01-23,confirmed,2026-05-31 08:45:20
1282,104,707,3,21000000.0,2026-04-18,cancelled,2026-05-31 08:45:20
1283,103,616,1,350000.0,2026-08-23,pending,2026-05-31 08:45:20
1284,51,737,4,28000000.0,2027-06-14,confirmed,2026-05-31 08:45:20
1285,27,719,4,2000000.0,2025-07-01,confirmed,2026-05-31 08:45:20
1286,44,618,3,750000.0,2026-10-11,cancelled,2026-05-31 08:45:20
1287,41,743,1,350000.0,2025-03-06,confirmed,2026-05-31 08:45:20
1288,29,667,3,21000000.0,2026-02-14,confirmed,2026-05-31 08:45:20
1289,60,772,2,10000000.0,2025-12-23,pending,2026-05-31 08:45:20
1290,123,654,5,2500000.0,2026-09-05,confirmed,2026-05-31 08:45:20
1291,30,688,3,6000000.0,2027-06-05,pending,2026-05-31 08:45:20
1292,79,640,2,20000000.0,2026-11-26,cancelled,2026-05-31 08:45:20
1293,30,593,4,6000000.0,2025-06-23,confirmed,2026-05-31 08:45:20
1294,91,643,3,15000000.0,2026-06-17,confirmed,2026-05-31 08:45:20
1295,55,705,3,450000.0,2026-05-26,cancelled,2026-05-31 08:45:20
1296,23,612,3,750000.0,2027-07-11,confirmed,2026-05-31 08:45:20
1297,21,742,4,8000000.0,2025-12-17,pending,2026-05-31 08:45:20
1298,49,652,1,7000000.0,2026-04-10,confirmed,2026-05-31 08:45:20
1299,72,717,5,50000000.0,2025-12-03,confirmed,2026-05-31 08:45:20
1300,27,728,3,30000000.0,2025-10-18,confirmed,2026-05-31 08:45:20
1301,98,604,5,15000000.0,2025-07-03,confirmed,2026-05-31 08:45:20
1302,123,741,5,15000000.0,2026-07-07,cancelled,2026-05-31 08:45:20
1303,58,621,3,1050000.0,2027-03-20,pending,2026-05-31 08:45:20
1304,90,654,1,500000.0,2026-09-05,cancelled,2026-05-31 08:45:20
1305,20,622,5,35000000.0,2027-06-13,confirmed,2026-05-31 08:45:20
1306,22,583,4,600000.0,2025-08-11,confirmed,2026-05-31 08:45:20
1307,110,690,3,3000000.0,2026-07-04,confirmed,2026-05-31 08:45:20
1308,36,749,2,700000.0,2026-04-12,confirmed,2026-05-31 08:45:20
1309,56,694,2,6000000.0,2027-05-20,confirmed,2026-05-31 08:45:20
1310,51,704,5,25000000.0,2025-12-31,confirmed,2026-05-31 08:45:20
1311,86,718,1,10000000.0,2026-02-09,confirmed,2026-05-31 08:45:20
1312,96,740,5,10000000.0,2026-08-05,confirmed,2026-05-31 08:45:20
1313,27,615,2,1000000.0,2027-08-18,confirmed,2026-05-31 08:45:20
1314,119,739,1,2000000.0,2026-07-13,confirmed,2026-05-31 08:45:20
1315,101,764,4,8000000.0,2026-08-04,confirmed,2026-05-31 08:45:20
1316,127,717,1,10000000.0,2025-12-03,confirmed,2026-05-31 08:45:20
1317,85,674,3,450000.0,2026-11-05,confirmed,2026-05-31 08:45:20
1318,89,741,5,15000000.0,2026-07-07,confirmed,2026-05-31 08:45:20
1319,10,595,2,1500000.0,2027-01-23,confirmed,2026-05-31 08:45:20
1320,10,611,2,6000000.0,2027-05-19,cancelled,2026-05-31 08:45:20
1321,84,696,5,10000000.0,2025-03-14,cancelled,2026-05-31 08:45:20
1322,23,706,4,4000000.0,2027-04-07,confirmed,2026-05-31 08:45:20
1323,28,721,5,7500000.0,2026-08-06,cancelled,2026-05-31 08:45:20
1324,85,764,1,2000000.0,2026-08-04,confirmed,2026-05-31 08:45:20
1325,85,590,2,1000000.0,2025-10-17,pending,2026-05-31 08:45:20
1326,120,768,1,3000000.0,2025-07-30,confirmed,2026-05-31 08:45:20
