id,payment_id,creator_id,total_amount,creator_share,admin_share,created_at
1,5,11,4000000.0,3600000.0,400000.0,2026-05-24 04:41:36
2,8,17,70000.0,63000.0,7000.0,2026-05-24 15:26:26
3,7,17,70000.0,63000.0,7000.0,2026-05-24 15:26:33
4,10,11,1000000.0,900000.0,100000.0,2026-05-29 06:51:21
5,11,24,1500000.0,1350000.0,150000.0,2026-05-31 08:45:20
6,14,24,6000000.0,5400000.0,600000.0,2026-05-31 08:45:20
7,15,17,2000000.0,1800000.0,200000.0,2026-05-31 08:45:20
8,16,24,9000000.0,8100000.0,900000.0,2026-05-31 08:45:20
9,17,24,9000000.0,8100000.0,900000.0,2026-05-31 08:45:20
10,18,164,1400000.0,1260000.0,140000.0,2026-05-31 08:45:20
11,19,131,1000000.0,900000.0,100000.0,2026-05-31 08:45:20
12,20,145,1500000.0,1350000.0,150000.0,2026-05-31 08:45:20
13,21,146,25000000.0,22500000.0,2500000.0,2026-05-31 08:45:20
14,22,212,500000.0,450000.0,50000.0,2026-05-31 08:45:20
15,23,217,7500000.0,6750000.0,750000.0,2026-05-31 08:45:20
16,24,206,14000000.0,12600000.0,1400000.0,2026-05-31 08:45:20
17,25,177,25000000.0,22500000.0,2500000.0,2026-05-31 08:45:20
18,26,213,1000000.0,900000.0,100000.0,2026-05-31 08:45:20
19,27,188,3000000.0,2700000.0,300000.0,2026-05-31 08:45:20
20,28,178,300000.0,270000.0,30000.0,2026-05-31 08:45:20
21,29,225,3000000.0,2700000.0,300000.0,2026-05-31 08:45:20
22,30,215,750000.0,675000.0,75000.0,2026-05-31 08:45:20
23,31,161,450000.0,405000.0,45000.0,2026-05-31 08:45:20
24,32,207,150000.0,135000.0,15000.0,2026-05-31 08:45:20
25,33,224,10000000.0,9000000.0,1000000.0,2026-05-31 08:45:20
26,34,187,750000.0,675000.0,75000.0,2026-05-31 08:45:20
27,35,159,5000000.0,4500000.0,500000.0,2026-05-31 08:45:20
28,36,185,750000.0,675000.0,75000.0,2026-05-31 08:45:20
29,37,193,2000000.0,1800000.0,200000.0,2026-05-31 08:45:20
30,38,164,450000.0,405000.0,45000.0,2026-05-31 08:45:20
31,39,219,3000000.0,2700000.0,300000.0,2026-05-31 08:45:20
32,40,202,7500000.0,6750000.0,750000.0,2026-05-31 08:45:20
33,41,215,50000000.0,45000000.0,5000000.0,2026-05-31 08:45:20
34,42,130,6000000.0,5400000.0,600000.0,2026-05-31 08:45:20
35,43,214,9000000.0,8100000.0,900000.0,2026-05-31 08:45:20
36,44,131,2000000.0,1800000.0,200000.0,2026-05-31 08:45:20
37,45,190,500000.0,450000.0,50000.0,2026-05-31 08:45:20
38,46,190,7500000.0,6750000.0,750000.0,2026-05-31 08:45:20
39,47,215,10000000.0,9000000.0,1000000.0,2026-05-31 08:45:20
40,48,146,1500000.0,1350000.0,150000.0,2026-05-31 08:45:20
41,49,159,150000.0,135000.0,15000.0,2026-05-31 08:45:20
42,50,184,1750000.0,1575000.0,175000.0,2026-05-31 08:45:20
43,51,221,3000000.0,2700000.0,300000.0,2026-05-31 08:45:20
44,52,200,3750000.0,3375000.0,375000.0,2026-05-31 08:45:20
45,53,190,1000000.0,900000.0,100000.0,2026-05-31 08:45:20
46,54,194,450000.0,405000.0,45000.0,2026-05-31 08:45:20
47,55,212,250000.0,225000.0,25000.0,2026-05-31 08:45:20
48,56,169,700000.0,630000.0,70000.0,2026-05-31 08:45:20
49,57,182,28000000.0,25200000.0,2800000.0,2026-05-31 08:45:20
50,58,150,25000000.0,22500000.0,2500000.0,2026-05-31 08:45:20
51,59,217,1500000.0,1350000.0,150000.0,2026-05-31 08:45:20
52,60,222,500000.0,450000.0,50000.0,2026-05-31 08:45:20
53,61,178,15000000.0,13500000.0,1500000.0,2026-05-31 08:45:20
54,62,172,7000000.0,6300000.0,700000.0,2026-05-31 08:45:20
55,63,197,1000000.0,900000.0,100000.0,2026-05-31 08:45:20
56,64,182,4000000.0,3600000.0,400000.0,2026-05-31 08:45:20
57,65,178,9000000.0,8100000.0,900000.0,2026-05-31 08:45:20
58,66,216,500000.0,450000.0,50000.0,2026-05-31 08:45:20
59,67,199,2000000.0,1800000.0,200000.0,2026-05-31 08:45:20
60,68,134,7000000.0,6300000.0,700000.0,2026-05-31 08:45:20
61,69,172,15000000.0,13500000.0,1500000.0,2026-05-31 08:45:20
62,70,189,7000000.0,6300000.0,700000.0,2026-05-31 08:45:21
63,71,160,2000000.0,1800000.0,200000.0,2026-05-31 08:45:21
64,72,160,1500000.0,1350000.0,150000.0,2026-05-31 08:45:21
65,73,202,1250000.0,1125000.0,125000.0,2026-05-31 08:45:21
66,74,161,750000.0,675000.0,75000.0,2026-05-31 08:45:21
67,75,208,10000000.0,9000000.0,1000000.0,2026-05-31 08:45:21
68,76,159,150000.0,135000.0,15000.0,2026-05-31 08:45:21
69,77,133,7500000.0,6750000.0,750000.0,2026-05-31 08:45:21
70,78,168,9000000.0,8100000.0,900000.0,2026-05-31 08:45:21
71,79,178,450000.0,405000.0,45000.0,2026-05-31 08:45:21
72,80,17,25000000.0,22500000.0,2500000.0,2026-05-31 08:45:21
73,81,181,4500000.0,4050000.0,450000.0,2026-05-31 08:45:21
74,82,190,6000000.0,5400000.0,600000.0,2026-05-31 08:45:21
75,83,177,3000000.0,2700000.0,300000.0,2026-05-31 08:45:21
76,84,199,6000000.0,5400000.0,600000.0,2026-05-31 08:45:21
77,85,11,1750000.0,1575000.0,175000.0,2026-05-31 08:45:21
78,86,15,12000000.0,10800000.0,1200000.0,2026-05-31 08:45:21
79,87,206,14000000.0,12600000.0,1400000.0,2026-05-31 08:45:21
80,88,155,1500000.0,1350000.0,150000.0,2026-05-31 08:45:21
81,89,193,4000000.0,3600000.0,400000.0,2026-05-31 08:45:21
82,90,228,1000000.0,900000.0,100000.0,2026-05-31 08:45:21
83,91,176,21000000.0,18900000.0,2100000.0,2026-05-31 08:45:21
84,92,147,20000000.0,18000000.0,2000000.0,2026-05-31 08:45:21
85,93,217,3000000.0,2700000.0,300000.0,2026-05-31 08:45:21
86,94,215,500000.0,450000.0,50000.0,2026-05-31 08:45:21
87,95,160,6000000.0,5400000.0,600000.0,2026-05-31 08:45:21
88,96,133,4500000.0,4050000.0,450000.0,2026-05-31 08:45:21
89,97,172,1000000.0,900000.0,100000.0,2026-05-31 08:45:21
90,98,197,2000000.0,1800000.0,200000.0,2026-05-31 08:45:21
91,99,11,1400000.0,1260000.0,140000.0,2026-05-31 08:45:21
92,100,147,14000000.0,12600000.0,1400000.0,2026-05-31 08:45:21
93,101,215,50000000.0,45000000.0,5000000.0,2026-05-31 08:45:21
94,102,215,2500000.0,2250000.0,250000.0,2026-05-31 08:45:21
95,103,131,1000000.0,900000.0,100000.0,2026-05-31 08:45:21
96,104,181,4000000.0,3600000.0,400000.0,2026-05-31 08:45:21
97,105,168,12000000.0,10800000.0,1200000.0,2026-05-31 08:45:21
98,106,164,1750000.0,1575000.0,175000.0,2026-05-31 08:45:21
99,107,184,20000000.0,18000000.0,2000000.0,2026-05-31 08:45:21
100,108,228,1500000.0,1350000.0,150000.0,2026-05-31 08:45:21
101,109,220,21000000.0,18900000.0,2100000.0,2026-05-31 08:45:21
102,110,160,1500000.0,1350000.0,150000.0,2026-05-31 08:45:21
103,111,193,5000000.0,4500000.0,500000.0,2026-05-31 08:45:21
104,112,130,1250000.0,1125000.0,125000.0,2026-05-31 08:45:21
105,113,214,6000000.0,5400000.0,600000.0,2026-05-31 08:45:21
106,114,188,50000000.0,45000000.0,5000000.0,2026-05-31 08:45:21
107,115,144,3000000.0,2700000.0,300000.0,2026-05-31 08:45:21
108,116,141,450000.0,405000.0,45000.0,2026-05-31 08:45:21
109,117,24,3000000.0,2700000.0,300000.0,2026-05-31 08:45:21
110,118,138,20000000.0,18000000.0,2000000.0,2026-05-31 08:45:21
111,119,215,1500000.0,1350000.0,150000.0,2026-05-31 08:45:21
112,120,218,2000000.0,1800000.0,200000.0,2026-05-31 08:45:21
113,121,203,50000000.0,45000000.0,5000000.0,2026-05-31 08:45:21
114,122,176,2250000.0,2025000.0,225000.0,2026-05-31 08:45:21
115,123,178,6000000.0,5400000.0,600000.0,2026-05-31 08:45:21
116,124,134,35000000.0,31500000.0,3500000.0,2026-05-31 08:45:21
117,125,204,14000000.0,12600000.0,1400000.0,2026-05-31 08:45:21
118,126,212,500000.0,450000.0,50000.0,2026-05-31 08:45:21
119,127,185,750000.0,675000.0,75000.0,2026-05-31 08:45:21
120,128,156,4000000.0,3600000.0,400000.0,2026-05-31 08:45:21
121,129,210,1000000.0,900000.0,100000.0,2026-05-31 08:45:21
122,130,160,6000000.0,5400000.0,600000.0,2026-05-31 08:45:21
123,131,141,750000.0,675000.0,75000.0,2026-05-31 08:45:21
124,132,199,250000.0,225000.0,25000.0,2026-05-31 08:45:21
125,133,203,21000000.0,18900000.0,2100000.0,2026-05-31 08:45:21
126,134,150,5000000.0,4500000.0,500000.0,2026-05-31 08:45:21
127,135,188,3000000.0,2700000.0,300000.0,2026-05-31 08:45:21
128,136,221,21000000.0,18900000.0,2100000.0,2026-05-31 08:45:21
129,137,17,5000000.0,4500000.0,500000.0,2026-05-31 08:45:21
130,138,151,450000.0,405000.0,45000.0,2026-05-31 08:45:21
131,139,130,3000000.0,2700000.0,300000.0,2026-05-31 08:45:21
132,140,189,28000000.0,25200000.0,2800000.0,2026-05-31 08:45:21
133,141,207,10000000.0,9000000.0,1000000.0,2026-05-31 08:45:21
134,142,197,1000000.0,900000.0,100000.0,2026-05-31 08:45:21
135,143,190,2000000.0,1800000.0,200000.0,2026-05-31 08:45:21
136,144,190,1000000.0,900000.0,100000.0,2026-05-31 08:45:21
137,145,188,5000000.0,4500000.0,500000.0,2026-05-31 08:45:21
138,146,208,20000000.0,18000000.0,2000000.0,2026-05-31 08:45:21
139,147,196,750000.0,675000.0,75000.0,2026-05-31 08:45:21
140,148,155,4500000.0,4050000.0,450000.0,2026-05-31 08:45:21
141,149,142,6000000.0,5400000.0,600000.0,2026-05-31 08:45:21
142,150,191,35000000.0,31500000.0,3500000.0,2026-05-31 08:45:21
143,151,182,2000000.0,1800000.0,200000.0,2026-05-31 08:45:21
144,152,169,1400000.0,1260000.0,140000.0,2026-05-31 08:45:21
145,153,181,4500000.0,4050000.0,450000.0,2026-05-31 08:45:21
146,154,203,2000000.0,1800000.0,200000.0,2026-05-31 08:45:21
147,155,134,28000000.0,25200000.0,2800000.0,2026-05-31 08:45:21
148,156,161,300000.0,270000.0,30000.0,2026-05-31 08:45:21
149,157,182,35000000.0,31500000.0,3500000.0,2026-05-31 08:45:21
150,158,131,5000000.0,4500000.0,500000.0,2026-05-31 08:45:21
151,159,160,300000.0,270000.0,30000.0,2026-05-31 08:45:21
152,160,131,1000000.0,900000.0,100000.0,2026-05-31 08:45:21
153,161,199,40000000.0,36000000.0,4000000.0,2026-05-31 08:45:21
154,162,191,7000000.0,6300000.0,700000.0,2026-05-31 08:45:21
155,163,171,350000.0,315000.0,35000.0,2026-05-31 08:45:21
156,164,17,10000000.0,9000000.0,1000000.0,2026-05-31 08:45:21
157,165,161,600000.0,540000.0,60000.0,2026-05-31 08:45:21
158,166,161,150000.0,135000.0,15000.0,2026-05-31 08:45:21
159,167,213,4500000.0,4050000.0,450000.0,2026-05-31 08:45:21
160,168,194,600000.0,540000.0,60000.0,2026-05-31 08:45:21
161,169,194,600000.0,540000.0,60000.0,2026-05-31 08:45:21
162,170,164,600000.0,540000.0,60000.0,2026-05-31 08:45:21
163,171,202,6000000.0,5400000.0,600000.0,2026-05-31 08:45:21
164,172,211,14000000.0,12600000.0,1400000.0,2026-05-31 08:45:21
165,173,160,450000.0,405000.0,45000.0,2026-05-31 08:45:21
166,174,177,15000000.0,13500000.0,1500000.0,2026-05-31 08:45:21
167,175,187,750000.0,675000.0,75000.0,2026-05-31 08:45:21
168,176,24,40000000.0,36000000.0,4000000.0,2026-05-31 08:45:21
169,177,133,4500000.0,4050000.0,450000.0,2026-05-31 08:45:21
170,178,17,21000000.0,18900000.0,2100000.0,2026-05-31 08:45:21
171,179,150,2500000.0,2250000.0,250000.0,2026-05-31 08:45:21
172,180,184,2500000.0,2250000.0,250000.0,2026-05-31 08:45:21
173,181,163,15000000.0,13500000.0,1500000.0,2026-05-31 08:45:21
174,182,219,9000000.0,8100000.0,900000.0,2026-05-31 08:45:21
175,183,130,1250000.0,1125000.0,125000.0,2026-05-31 08:45:21
176,184,162,2000000.0,1800000.0,200000.0,2026-05-31 08:45:21
177,185,150,500000.0,450000.0,50000.0,2026-05-31 08:45:21
178,186,211,21000000.0,18900000.0,2100000.0,2026-05-31 08:45:21
179,187,129,350000.0,315000.0,35000.0,2026-05-31 08:45:21
180,188,176,7000000.0,6300000.0,700000.0,2026-05-31 08:45:21
181,189,159,5000000.0,4500000.0,500000.0,2026-05-31 08:45:21
182,190,154,20000000.0,18000000.0,2000000.0,2026-05-31 08:45:21
183,191,199,1000000.0,900000.0,100000.0,2026-05-31 08:45:21
184,192,228,7500000.0,6750000.0,750000.0,2026-05-31 08:45:21
185,193,24,10000000.0,9000000.0,1000000.0,2026-05-31 08:45:21
186,194,150,2000000.0,1800000.0,200000.0,2026-05-31 08:45:21
187,195,199,30000000.0,27000000.0,3000000.0,2026-05-31 08:45:21
188,196,176,1500000.0,1350000.0,150000.0,2026-05-31 08:45:21
189,197,150,40000000.0,36000000.0,4000000.0,2026-05-31 08:45:21
190,198,137,3000000.0,2700000.0,300000.0,2026-05-31 08:45:21
191,199,182,10000000.0,9000000.0,1000000.0,2026-05-31 08:45:21
192,200,211,14000000.0,12600000.0,1400000.0,2026-05-31 08:45:21
193,201,152,500000.0,450000.0,50000.0,2026-05-31 08:45:21
194,202,134,10000000.0,9000000.0,1000000.0,2026-05-31 08:45:21
195,203,224,7500000.0,6750000.0,750000.0,2026-05-31 08:45:21
196,204,166,150000.0,135000.0,15000.0,2026-05-31 08:45:21
197,205,165,2250000.0,2025000.0,225000.0,2026-05-31 08:45:21
198,206,214,7500000.0,6750000.0,750000.0,2026-05-31 08:45:21
199,207,145,500000.0,450000.0,50000.0,2026-05-31 08:45:21
200,208,158,10000000.0,9000000.0,1000000.0,2026-05-31 08:45:21
201,209,196,4500000.0,4050000.0,450000.0,2026-05-31 08:45:21
202,210,169,700000.0,630000.0,70000.0,2026-05-31 08:45:21
203,211,228,7500000.0,6750000.0,750000.0,2026-05-31 08:45:21
204,212,24,1000000.0,900000.0,100000.0,2026-05-31 08:45:21
205,213,194,600000.0,540000.0,60000.0,2026-05-31 08:45:21
206,214,147,25000000.0,22500000.0,2500000.0,2026-05-31 08:45:21
207,215,190,1500000.0,1350000.0,150000.0,2026-05-31 08:45:21
208,216,24,750000.0,675000.0,75000.0,2026-05-31 08:45:21
209,217,152,750000.0,675000.0,75000.0,2026-05-31 08:45:21
210,218,211,9000000.0,8100000.0,900000.0,2026-05-31 08:45:21
211,219,216,1500000.0,1350000.0,150000.0,2026-05-31 08:45:21
212,220,144,40000000.0,36000000.0,4000000.0,2026-05-31 08:45:21
213,221,181,4500000.0,4050000.0,450000.0,2026-05-31 08:45:21
214,222,224,21000000.0,18900000.0,2100000.0,2026-05-31 08:45:21
215,223,145,6000000.0,5400000.0,600000.0,2026-05-31 08:45:21
216,224,163,3000000.0,2700000.0,300000.0,2026-05-31 08:45:21
217,225,164,350000.0,315000.0,35000.0,2026-05-31 08:45:21
218,226,159,300000.0,270000.0,30000.0,2026-05-31 08:45:21
219,227,189,21000000.0,18900000.0,2100000.0,2026-05-31 08:45:21
220,228,176,750000.0,675000.0,75000.0,2026-05-31 08:45:21
221,229,197,3000000.0,2700000.0,300000.0,2026-05-31 08:45:21
222,230,150,500000.0,450000.0,50000.0,2026-05-31 08:45:21
223,231,212,1250000.0,1125000.0,125000.0,2026-05-31 08:45:21
224,232,219,12000000.0,10800000.0,1200000.0,2026-05-31 08:45:21
225,233,218,10000000.0,9000000.0,1000000.0,2026-05-31 08:45:21
226,234,200,1500000.0,1350000.0,150000.0,2026-05-31 08:45:21
227,235,219,15000000.0,13500000.0,1500000.0,2026-05-31 08:45:21
228,236,218,6000000.0,5400000.0,600000.0,2026-05-31 08:45:21
229,237,181,3000000.0,2700000.0,300000.0,2026-05-31 08:45:21
230,238,228,150000.0,135000.0,15000.0,2026-05-31 08:45:21
231,239,133,3000000.0,2700000.0,300000.0,2026-05-31 08:45:21
232,240,187,1500000.0,1350000.0,150000.0,2026-05-31 08:45:21
233,241,228,1000000.0,900000.0,100000.0,2026-05-31 08:45:21
234,242,188,4000000.0,3600000.0,400000.0,2026-05-31 08:45:21
235,243,188,5000000.0,4500000.0,500000.0,2026-05-31 08:45:21
236,244,218,2000000.0,1800000.0,200000.0,2026-05-31 08:45:21
237,245,219,21000000.0,18900000.0,2100000.0,2026-05-31 08:45:21
238,246,164,500000.0,450000.0,50000.0,2026-05-31 08:45:21
239,247,169,1400000.0,1260000.0,140000.0,2026-05-31 08:45:21
240,248,130,1500000.0,1350000.0,150000.0,2026-05-31 08:45:21
241,249,130,750000.0,675000.0,75000.0,2026-05-31 08:45:21
242,250,221,3000000.0,2700000.0,300000.0,2026-05-31 08:45:21
243,251,160,2000000.0,1800000.0,200000.0,2026-05-31 08:45:21
244,252,145,12000000.0,10800000.0,1200000.0,2026-05-31 08:45:21
245,253,176,2250000.0,2025000.0,225000.0,2026-05-31 08:45:21
246,254,24,2000000.0,1800000.0,200000.0,2026-05-31 08:45:21
247,255,217,4500000.0,4050000.0,450000.0,2026-05-31 08:45:21
248,256,185,250000.0,225000.0,25000.0,2026-05-31 08:45:21
249,257,228,750000.0,675000.0,75000.0,2026-05-31 08:45:21
250,258,156,2000000.0,1800000.0,200000.0,2026-05-31 08:45:21
251,259,203,40000000.0,36000000.0,4000000.0,2026-05-31 08:45:21
252,260,215,2500000.0,2250000.0,250000.0,2026-05-31 08:45:21
253,261,160,6000000.0,5400000.0,600000.0,2026-05-31 08:45:21
254,262,222,1000000.0,900000.0,100000.0,2026-05-31 08:45:21
255,263,193,1000000.0,900000.0,100000.0,2026-05-31 08:45:21
256,264,202,750000.0,675000.0,75000.0,2026-05-31 08:45:21
257,265,213,2000000.0,1800000.0,200000.0,2026-05-31 08:45:21
258,266,212,250000.0,225000.0,25000.0,2026-05-31 08:45:21
259,267,131,500000.0,450000.0,50000.0,2026-05-31 08:45:21
260,268,15,3000000.0,2700000.0,300000.0,2026-05-31 08:45:21
261,269,141,4000000.0,3600000.0,400000.0,2026-05-31 08:45:21
262,270,172,25000000.0,22500000.0,2500000.0,2026-05-31 08:45:21
263,271,130,1500000.0,1350000.0,150000.0,2026-05-31 08:45:21
264,272,15,6000000.0,5400000.0,600000.0,2026-05-31 08:45:21
265,273,222,10000000.0,9000000.0,1000000.0,2026-05-31 08:45:21
266,274,172,1500000.0,1350000.0,150000.0,2026-05-31 08:45:21
267,275,167,2250000.0,2025000.0,225000.0,2026-05-31 08:45:21
268,276,203,500000.0,450000.0,50000.0,2026-05-31 08:45:21
269,277,196,3000000.0,2700000.0,300000.0,2026-05-31 08:45:21
270,278,156,8000000.0,7200000.0,800000.0,2026-05-31 08:45:21
271,279,190,4500000.0,4050000.0,450000.0,2026-05-31 08:45:21
272,280,163,3000000.0,2700000.0,300000.0,2026-05-31 08:45:21
273,281,228,750000.0,675000.0,75000.0,2026-05-31 08:45:21
274,282,24,5000000.0,4500000.0,500000.0,2026-05-31 08:45:21
275,283,199,500000.0,450000.0,50000.0,2026-05-31 08:45:21
276,284,197,1500000.0,1350000.0,150000.0,2026-05-31 08:45:21
277,285,172,25000000.0,22500000.0,2500000.0,2026-05-31 08:45:21
278,286,181,7500000.0,6750000.0,750000.0,2026-05-31 08:45:21
279,287,216,2000000.0,1800000.0,200000.0,2026-05-31 08:45:21
280,288,165,2250000.0,2025000.0,225000.0,2026-05-31 08:45:21
281,289,215,2500000.0,2250000.0,250000.0,2026-05-31 08:45:21
282,290,160,150000.0,135000.0,15000.0,2026-05-31 08:45:21
283,291,218,3000000.0,2700000.0,300000.0,2026-05-31 08:45:21
284,292,213,2000000.0,1800000.0,200000.0,2026-05-31 08:45:21
285,293,156,4000000.0,3600000.0,400000.0,2026-05-31 08:45:21
286,294,147,5000000.0,4500000.0,500000.0,2026-05-31 08:45:21
287,295,146,14000000.0,12600000.0,1400000.0,2026-05-31 08:45:21
288,296,197,4000000.0,3600000.0,400000.0,2026-05-31 08:45:21
289,297,216,500000.0,450000.0,50000.0,2026-05-31 08:45:21
290,298,144,35000000.0,31500000.0,3500000.0,2026-05-31 08:45:21
291,299,165,3000000.0,2700000.0,300000.0,2026-05-31 08:45:21
292,300,211,15000000.0,13500000.0,1500000.0,2026-05-31 08:45:21
293,301,145,1000000.0,900000.0,100000.0,2026-05-31 08:45:21
294,302,207,600000.0,540000.0,60000.0,2026-05-31 08:45:21
295,303,196,300000.0,270000.0,30000.0,2026-05-31 08:45:21
296,304,222,1000000.0,900000.0,100000.0,2026-05-31 08:45:21
297,305,137,3000000.0,2700000.0,300000.0,2026-05-31 08:45:21
298,306,174,2250000.0,2025000.0,225000.0,2026-05-31 08:45:21
299,307,217,3000000.0,2700000.0,300000.0,2026-05-31 08:45:21
300,308,182,3750000.0,3375000.0,375000.0,2026-05-31 08:45:21
301,309,202,250000.0,225000.0,25000.0,2026-05-31 08:45:21
302,310,172,1000000.0,900000.0,100000.0,2026-05-31 08:45:21
303,311,134,14000000.0,12600000.0,1400000.0,2026-05-31 08:45:21
304,312,151,7500000.0,6750000.0,750000.0,2026-05-31 08:45:21
305,313,141,10000000.0,9000000.0,1000000.0,2026-05-31 08:45:21
306,314,185,350000.0,315000.0,35000.0,2026-05-31 08:45:21
307,315,150,2000000.0,1800000.0,200000.0,2026-05-31 08:45:21
308,316,143,600000.0,540000.0,60000.0,2026-05-31 08:45:21
309,317,168,3000000.0,2700000.0,300000.0,2026-05-31 08:45:21
310,318,131,10000000.0,9000000.0,1000000.0,2026-05-31 08:45:21
311,319,164,1000000.0,900000.0,100000.0,2026-05-31 08:45:21
312,320,131,3000000.0,2700000.0,300000.0,2026-05-31 08:45:21
313,321,228,6000000.0,5400000.0,600000.0,2026-05-31 08:45:21
314,322,210,1000000.0,900000.0,100000.0,2026-05-31 08:45:21
315,323,159,4000000.0,3600000.0,400000.0,2026-05-31 08:45:21
316,324,199,6000000.0,5400000.0,600000.0,2026-05-31 08:45:21
317,325,197,2500000.0,2250000.0,250000.0,2026-05-31 08:45:21
318,326,227,7000000.0,6300000.0,700000.0,2026-05-31 08:45:21
319,327,174,750000.0,675000.0,75000.0,2026-05-31 08:45:21
320,328,136,1500000.0,1350000.0,150000.0,2026-05-31 08:45:21
321,329,147,40000000.0,36000000.0,4000000.0,2026-05-31 08:45:21
322,330,172,2000000.0,1800000.0,200000.0,2026-05-31 08:45:21
323,331,204,1050000.0,945000.0,105000.0,2026-05-31 08:45:21
324,332,218,15000000.0,13500000.0,1500000.0,2026-05-31 08:45:21
325,333,183,250000.0,225000.0,25000.0,2026-05-31 08:45:21
326,334,170,20000000.0,18000000.0,2000000.0,2026-05-31 08:45:21
327,335,204,4000000.0,3600000.0,400000.0,2026-05-31 08:45:21
328,336,165,9000000.0,8100000.0,900000.0,2026-05-31 08:45:21
329,337,139,5000000.0,4500000.0,500000.0,2026-05-31 08:45:21
330,338,168,40000000.0,36000000.0,4000000.0,2026-05-31 08:45:21
331,339,197,4000000.0,3600000.0,400000.0,2026-05-31 08:45:21
332,340,156,25000000.0,22500000.0,2500000.0,2026-05-31 08:45:21
333,341,13,1050000.0,945000.0,105000.0,2026-05-31 08:45:21
334,342,132,25000000.0,22500000.0,2500000.0,2026-05-31 08:45:21
335,343,144,3000000.0,2700000.0,300000.0,2026-05-31 08:45:21
336,344,24,300000.0,270000.0,30000.0,2026-05-31 08:45:21
337,345,137,6000000.0,5400000.0,600000.0,2026-05-31 08:45:21
338,346,196,15000000.0,13500000.0,1500000.0,2026-05-31 08:45:21
339,347,157,1500000.0,1350000.0,150000.0,2026-05-31 08:45:21
340,348,142,12000000.0,10800000.0,1200000.0,2026-05-31 08:45:21
341,349,176,1000000.0,900000.0,100000.0,2026-05-31 08:45:21
342,350,167,2000000.0,1800000.0,200000.0,2026-05-31 08:45:21
343,351,225,1500000.0,1350000.0,150000.0,2026-05-31 08:45:21
344,352,146,15000000.0,13500000.0,1500000.0,2026-05-31 08:45:21
345,353,141,21000000.0,18900000.0,2100000.0,2026-05-31 08:45:21
346,354,212,2000000.0,1800000.0,200000.0,2026-05-31 08:45:21
347,355,200,600000.0,540000.0,60000.0,2026-05-31 08:45:21
348,356,156,20000000.0,18000000.0,2000000.0,2026-05-31 08:45:21
349,357,199,6000000.0,5400000.0,600000.0,2026-05-31 08:45:21
350,358,186,40000000.0,36000000.0,4000000.0,2026-05-31 08:45:21
351,359,196,10000000.0,9000000.0,1000000.0,2026-05-31 08:45:21
352,360,186,30000000.0,27000000.0,3000000.0,2026-05-31 08:45:21
353,361,209,2000000.0,1800000.0,200000.0,2026-05-31 08:45:21
354,362,157,500000.0,450000.0,50000.0,2026-05-31 08:45:21
355,363,155,30000000.0,27000000.0,3000000.0,2026-05-31 08:45:21
356,364,212,6000000.0,5400000.0,600000.0,2026-05-31 08:45:21
357,365,193,2250000.0,2025000.0,225000.0,2026-05-31 08:45:21
358,366,186,7500000.0,6750000.0,750000.0,2026-05-31 08:45:21
359,367,224,1250000.0,1125000.0,125000.0,2026-05-31 08:45:21
360,368,196,500000.0,450000.0,50000.0,2026-05-31 08:45:21
361,369,196,6000000.0,5400000.0,600000.0,2026-05-31 08:45:21
362,370,144,3000000.0,2700000.0,300000.0,2026-05-31 08:45:21
363,371,199,3000000.0,2700000.0,300000.0,2026-05-31 08:45:21
364,372,204,1000000.0,900000.0,100000.0,2026-05-31 08:45:21
365,373,215,6000000.0,5400000.0,600000.0,2026-05-31 08:45:21
366,374,139,2000000.0,1800000.0,200000.0,2026-05-31 08:45:21
367,375,136,25000000.0,22500000.0,2500000.0,2026-05-31 08:45:21
368,376,223,20000000.0,18000000.0,2000000.0,2026-05-31 08:45:21
369,377,155,500000.0,450000.0,50000.0,2026-05-31 08:45:21
370,378,202,1500000.0,1350000.0,150000.0,2026-05-31 08:45:21
371,379,192,3000000.0,2700000.0,300000.0,2026-05-31 08:45:21
372,380,186,300000.0,270000.0,30000.0,2026-05-31 08:45:21
373,381,215,50000000.0,45000000.0,5000000.0,2026-05-31 08:45:21
374,382,186,7500000.0,6750000.0,750000.0,2026-05-31 08:45:21
375,383,226,1000000.0,900000.0,100000.0,2026-05-31 08:45:21
376,384,205,35000000.0,31500000.0,3500000.0,2026-05-31 08:45:21
377,385,164,5000000.0,4500000.0,500000.0,2026-05-31 08:45:21
378,386,154,6000000.0,5400000.0,600000.0,2026-05-31 08:45:21
379,387,145,1250000.0,1125000.0,125000.0,2026-05-31 08:45:21
380,388,134,15000000.0,13500000.0,1500000.0,2026-05-31 08:45:21
381,389,212,1500000.0,1350000.0,150000.0,2026-05-31 08:45:21
382,390,228,500000.0,450000.0,50000.0,2026-05-31 08:45:21
383,391,138,35000000.0,31500000.0,3500000.0,2026-05-31 08:45:21
384,392,226,3000000.0,2700000.0,300000.0,2026-05-31 08:45:21
385,393,181,1000000.0,900000.0,100000.0,2026-05-31 08:45:21
386,394,183,28000000.0,25200000.0,2800000.0,2026-05-31 08:45:21
387,395,151,3000000.0,2700000.0,300000.0,2026-05-31 08:45:21
388,396,134,1000000.0,900000.0,100000.0,2026-05-31 08:45:21
389,397,167,4000000.0,3600000.0,400000.0,2026-05-31 08:45:21
390,398,210,20000000.0,18000000.0,2000000.0,2026-05-31 08:45:21
391,399,173,30000000.0,27000000.0,3000000.0,2026-05-31 08:45:21
392,400,212,1000000.0,900000.0,100000.0,2026-05-31 08:45:21
393,401,205,14000000.0,12600000.0,1400000.0,2026-05-31 08:45:21
394,402,199,2250000.0,2025000.0,225000.0,2026-05-31 08:45:21
395,403,221,10000000.0,9000000.0,1000000.0,2026-05-31 08:45:21
396,404,204,5000000.0,4500000.0,500000.0,2026-05-31 08:45:21
397,405,205,1500000.0,1350000.0,150000.0,2026-05-31 08:45:21
398,406,146,9000000.0,8100000.0,900000.0,2026-05-31 08:45:21
399,407,197,6000000.0,5400000.0,600000.0,2026-05-31 08:45:21
400,408,210,9000000.0,8100000.0,900000.0,2026-05-31 08:45:21
401,409,137,4000000.0,3600000.0,400000.0,2026-05-31 08:45:21
402,410,226,3750000.0,3375000.0,375000.0,2026-05-31 08:45:21
403,411,210,40000000.0,36000000.0,4000000.0,2026-05-31 08:45:21
404,412,170,750000.0,675000.0,75000.0,2026-05-31 08:45:21
405,413,209,4000000.0,3600000.0,400000.0,2026-05-31 08:45:21
406,414,215,3000000.0,2700000.0,300000.0,2026-05-31 08:45:21
407,415,150,15000000.0,13500000.0,1500000.0,2026-05-31 08:45:21
408,416,139,5000000.0,4500000.0,500000.0,2026-05-31 08:45:21
409,417,138,21000000.0,18900000.0,2100000.0,2026-05-31 08:45:21
410,418,134,15000000.0,13500000.0,1500000.0,2026-05-31 08:45:21
411,419,184,6000000.0,5400000.0,600000.0,2026-05-31 08:45:21
412,420,181,500000.0,450000.0,50000.0,2026-05-31 08:45:21
413,421,157,500000.0,450000.0,50000.0,2026-05-31 08:45:21
414,422,157,750000.0,675000.0,75000.0,2026-05-31 08:45:21
415,423,139,6000000.0,5400000.0,600000.0,2026-05-31 08:45:21
416,424,178,10000000.0,9000000.0,1000000.0,2026-05-31 08:45:21
417,425,144,2000000.0,1800000.0,200000.0,2026-05-31 08:45:21
418,426,160,250000.0,225000.0,25000.0,2026-05-31 08:45:22
419,427,217,1000000.0,900000.0,100000.0,2026-05-31 08:45:22
420,428,217,1500000.0,1350000.0,150000.0,2026-05-31 08:45:22
421,429,164,15000000.0,13500000.0,1500000.0,2026-05-31 08:45:22
422,430,143,2250000.0,2025000.0,225000.0,2026-05-31 08:45:22
423,431,24,10000000.0,9000000.0,1000000.0,2026-05-31 08:45:22
424,432,180,2000000.0,1800000.0,200000.0,2026-05-31 08:45:22
425,433,203,10000000.0,9000000.0,1000000.0,2026-05-31 08:45:22
426,434,155,750000.0,675000.0,75000.0,2026-05-31 08:45:22
427,435,192,9000000.0,8100000.0,900000.0,2026-05-31 08:45:22
428,436,155,3000000.0,2700000.0,300000.0,2026-05-31 08:45:22
429,437,210,10000000.0,9000000.0,1000000.0,2026-05-31 08:45:22
430,438,141,8000000.0,7200000.0,800000.0,2026-05-31 08:45:22
431,439,225,1500000.0,1350000.0,150000.0,2026-05-31 08:45:22
432,440,218,2500000.0,2250000.0,250000.0,2026-05-31 08:45:22
433,441,136,15000000.0,13500000.0,1500000.0,2026-05-31 08:45:22
434,442,138,28000000.0,25200000.0,2800000.0,2026-05-31 08:45:22
435,443,139,3000000.0,2700000.0,300000.0,2026-05-31 08:45:22
436,444,129,750000.0,675000.0,75000.0,2026-05-31 08:45:22
437,445,196,1250000.0,1125000.0,125000.0,2026-05-31 08:45:22
438,446,173,20000000.0,18000000.0,2000000.0,2026-05-31 08:45:22
439,447,204,500000.0,450000.0,50000.0,2026-05-31 08:45:22
440,448,139,5000000.0,4500000.0,500000.0,2026-05-31 08:45:22
441,449,174,3000000.0,2700000.0,300000.0,2026-05-31 08:45:22
442,450,193,1500000.0,1350000.0,150000.0,2026-05-31 08:45:22
443,451,225,3000000.0,2700000.0,300000.0,2026-05-31 08:45:22
444,452,147,600000.0,540000.0,60000.0,2026-05-31 08:45:22
445,453,156,5000000.0,4500000.0,500000.0,2026-05-31 08:45:22
446,454,170,15000000.0,13500000.0,1500000.0,2026-05-31 08:45:22
447,455,185,7500000.0,6750000.0,750000.0,2026-05-31 08:45:22
448,456,131,150000.0,135000.0,15000.0,2026-05-31 08:45:22
449,457,199,3000000.0,2700000.0,300000.0,2026-05-31 08:45:22
450,458,157,500000.0,450000.0,50000.0,2026-05-31 08:45:22
451,459,11,150000.0,135000.0,15000.0,2026-05-31 08:45:22
452,460,177,2000000.0,1800000.0,200000.0,2026-05-31 08:45:22
453,461,188,6000000.0,5400000.0,600000.0,2026-05-31 08:45:22
454,462,143,28000000.0,25200000.0,2800000.0,2026-05-31 08:45:22
455,463,147,150000.0,135000.0,15000.0,2026-05-31 08:45:22
456,464,203,10000000.0,9000000.0,1000000.0,2026-05-31 08:45:22
457,465,139,8000000.0,7200000.0,800000.0,2026-05-31 08:45:22
458,466,196,1250000.0,1125000.0,125000.0,2026-05-31 08:45:22
459,467,192,15000000.0,13500000.0,1500000.0,2026-05-31 08:45:22
460,468,184,8000000.0,7200000.0,800000.0,2026-05-31 08:45:22
461,469,171,25000000.0,22500000.0,2500000.0,2026-05-31 08:45:22
462,470,215,10000000.0,9000000.0,1000000.0,2026-05-31 08:45:22
463,471,203,15000000.0,13500000.0,1500000.0,2026-05-31 08:45:22
464,472,143,1500000.0,1350000.0,150000.0,2026-05-31 08:45:22
465,473,156,20000000.0,18000000.0,2000000.0,2026-05-31 08:45:22
466,474,147,750000.0,675000.0,75000.0,2026-05-31 08:45:22
467,475,136,10000000.0,9000000.0,1000000.0,2026-05-31 08:45:22
468,476,190,9000000.0,8100000.0,900000.0,2026-05-31 08:45:22
469,477,202,4500000.0,4050000.0,450000.0,2026-05-31 08:45:22
470,478,226,2000000.0,1800000.0,200000.0,2026-05-31 08:45:22
471,479,203,15000000.0,13500000.0,1500000.0,2026-05-31 08:45:22
472,480,175,5000000.0,4500000.0,500000.0,2026-05-31 08:45:22
473,481,205,28000000.0,25200000.0,2800000.0,2026-05-31 08:45:22
474,482,176,50000000.0,45000000.0,5000000.0,2026-05-31 08:45:22
475,483,218,9000000.0,8100000.0,900000.0,2026-05-31 08:45:22
476,484,147,250000.0,225000.0,25000.0,2026-05-31 08:45:22
477,485,196,12000000.0,10800000.0,1200000.0,2026-05-31 08:45:22
478,486,177,15000000.0,13500000.0,1500000.0,2026-05-31 08:45:22
479,487,134,3000000.0,2700000.0,300000.0,2026-05-31 08:45:22
480,488,186,4500000.0,4050000.0,450000.0,2026-05-31 08:45:22
481,489,196,3000000.0,2700000.0,300000.0,2026-05-31 08:45:22
482,490,139,4000000.0,3600000.0,400000.0,2026-05-31 08:45:22
483,491,147,500000.0,450000.0,50000.0,2026-05-31 08:45:22
484,492,202,600000.0,540000.0,60000.0,2026-05-31 08:45:22
485,493,215,10000000.0,9000000.0,1000000.0,2026-05-31 08:45:22
486,494,24,300000.0,270000.0,30000.0,2026-05-31 08:45:22
487,495,213,700000.0,630000.0,70000.0,2026-05-31 08:45:22
488,496,183,2000000.0,1800000.0,200000.0,2026-05-31 08:45:22
489,497,207,5000000.0,4500000.0,500000.0,2026-05-31 08:45:22
490,498,133,300000.0,270000.0,30000.0,2026-05-31 08:45:22
491,499,187,6000000.0,5400000.0,600000.0,2026-05-31 08:45:22
492,500,195,6000000.0,5400000.0,600000.0,2026-05-31 08:45:22
493,501,159,2000000.0,1800000.0,200000.0,2026-05-31 08:45:22
494,502,136,12000000.0,10800000.0,1200000.0,2026-05-31 08:45:22
495,503,198,2000000.0,1800000.0,200000.0,2026-05-31 08:45:22
496,504,219,6000000.0,5400000.0,600000.0,2026-05-31 08:45:22
497,505,213,12000000.0,10800000.0,1200000.0,2026-05-31 08:45:22
498,506,146,4000000.0,3600000.0,400000.0,2026-05-31 08:45:22
499,507,228,4000000.0,3600000.0,400000.0,2026-05-31 08:45:22
500,508,170,7000000.0,6300000.0,700000.0,2026-05-31 08:45:22
501,509,157,14000000.0,12600000.0,1400000.0,2026-05-31 08:45:22
502,510,210,1000000.0,900000.0,100000.0,2026-05-31 08:45:22
503,511,165,40000000.0,36000000.0,4000000.0,2026-05-31 08:45:22
504,512,142,28000000.0,25200000.0,2800000.0,2026-05-31 08:45:22
505,513,164,450000.0,405000.0,45000.0,2026-05-31 08:45:22
506,514,184,28000000.0,25200000.0,2800000.0,2026-05-31 08:45:22
507,515,183,3000000.0,2700000.0,300000.0,2026-05-31 08:45:22
508,516,192,1000000.0,900000.0,100000.0,2026-05-31 08:45:22
509,517,219,15000000.0,13500000.0,1500000.0,2026-05-31 08:45:22
510,518,133,600000.0,540000.0,60000.0,2026-05-31 08:45:22
511,519,160,14000000.0,12600000.0,1400000.0,2026-05-31 08:45:22
512,520,227,1500000.0,1350000.0,150000.0,2026-05-31 08:45:22
513,521,137,30000000.0,27000000.0,3000000.0,2026-05-31 08:45:22
514,522,193,1000000.0,900000.0,100000.0,2026-05-31 08:45:22
515,523,173,3000000.0,2700000.0,300000.0,2026-05-31 08:45:22
516,524,207,35000000.0,31500000.0,3500000.0,2026-05-31 08:45:22
517,525,195,750000.0,675000.0,75000.0,2026-05-31 08:45:22
518,526,213,28000000.0,25200000.0,2800000.0,2026-05-31 08:45:22
519,527,203,10000000.0,9000000.0,1000000.0,2026-05-31 08:45:22
520,528,159,5000000.0,4500000.0,500000.0,2026-05-31 08:45:22
521,529,222,1050000.0,945000.0,105000.0,2026-05-31 08:45:22
522,530,167,1000000.0,900000.0,100000.0,2026-05-31 08:45:22
523,531,219,4500000.0,4050000.0,450000.0,2026-05-31 08:45:22
524,532,167,4000000.0,3600000.0,400000.0,2026-05-31 08:45:22
525,533,145,20000000.0,18000000.0,2000000.0,2026-05-31 08:45:22
526,534,133,50000000.0,45000000.0,5000000.0,2026-05-31 08:45:22
527,535,216,2000000.0,1800000.0,200000.0,2026-05-31 08:45:22
528,536,215,30000000.0,27000000.0,3000000.0,2026-05-31 08:45:22
529,537,211,3750000.0,3375000.0,375000.0,2026-05-31 08:45:22
530,538,218,600000.0,540000.0,60000.0,2026-05-31 08:45:22
531,539,165,1250000.0,1125000.0,125000.0,2026-05-31 08:45:22
532,540,216,1500000.0,1350000.0,150000.0,2026-05-31 08:45:22
533,541,205,7500000.0,6750000.0,750000.0,2026-05-31 08:45:22
534,542,166,700000.0,630000.0,70000.0,2026-05-31 08:45:22
535,543,143,10000000.0,9000000.0,1000000.0,2026-05-31 08:45:22
536,544,195,35000000.0,31500000.0,3500000.0,2026-05-31 08:45:22
537,545,154,40000000.0,36000000.0,4000000.0,2026-05-31 08:45:22
538,546,166,1050000.0,945000.0,105000.0,2026-05-31 08:45:22
539,547,207,10000000.0,9000000.0,1000000.0,2026-05-31 08:45:22
540,548,213,28000000.0,25200000.0,2800000.0,2026-05-31 08:45:22
541,549,190,15000000.0,13500000.0,1500000.0,2026-05-31 08:45:22
542,550,137,10000000.0,9000000.0,1000000.0,2026-05-31 08:45:22
543,551,144,150000.0,135000.0,15000.0,2026-05-31 08:45:22
544,552,225,20000000.0,18000000.0,2000000.0,2026-05-31 08:45:22
545,553,146,7500000.0,6750000.0,750000.0,2026-05-31 08:45:22
546,554,223,250000.0,225000.0,25000.0,2026-05-31 08:45:22
547,555,216,3750000.0,3375000.0,375000.0,2026-05-31 08:45:22
548,556,180,1500000.0,1350000.0,150000.0,2026-05-31 08:45:22
549,557,208,9000000.0,8100000.0,900000.0,2026-05-31 08:45:22
550,558,223,450000.0,405000.0,45000.0,2026-05-31 08:45:22
551,559,162,250000.0,225000.0,25000.0,2026-05-31 08:45:22
552,560,158,7500000.0,6750000.0,750000.0,2026-05-31 08:45:22
553,561,195,6000000.0,5400000.0,600000.0,2026-05-31 08:45:22
554,562,198,2000000.0,1800000.0,200000.0,2026-05-31 08:45:22
555,563,182,2000000.0,1800000.0,200000.0,2026-05-31 08:45:22
556,564,207,2000000.0,1800000.0,200000.0,2026-05-31 08:45:22
557,565,130,20000000.0,18000000.0,2000000.0,2026-05-31 08:45:22
558,566,11,8000000.0,7200000.0,800000.0,2026-05-31 08:45:22
559,567,174,350000.0,315000.0,35000.0,2026-05-31 08:45:22
560,568,205,1500000.0,1350000.0,150000.0,2026-05-31 08:45:22
561,569,159,1500000.0,1350000.0,150000.0,2026-05-31 08:45:22
562,570,215,8000000.0,7200000.0,800000.0,2026-05-31 08:45:22
563,571,178,25000000.0,22500000.0,2500000.0,2026-05-31 08:45:22
564,572,166,1500000.0,1350000.0,150000.0,2026-05-31 08:45:22
565,573,140,1500000.0,1350000.0,150000.0,2026-05-31 08:45:22
566,574,173,50000000.0,45000000.0,5000000.0,2026-05-31 08:45:22
567,575,186,750000.0,675000.0,75000.0,2026-05-31 08:45:22
568,576,159,500000.0,450000.0,50000.0,2026-05-31 08:45:22
569,577,209,15000000.0,13500000.0,1500000.0,2026-05-31 08:45:22
570,578,223,25000000.0,22500000.0,2500000.0,2026-05-31 08:45:22
571,579,142,28000000.0,25200000.0,2800000.0,2026-05-31 08:45:22
572,580,150,500000.0,450000.0,50000.0,2026-05-31 08:45:22
573,581,167,2000000.0,1800000.0,200000.0,2026-05-31 08:45:22
574,582,214,7500000.0,6750000.0,750000.0,2026-05-31 08:45:22
575,583,134,25000000.0,22500000.0,2500000.0,2026-05-31 08:45:22
576,584,221,3000000.0,2700000.0,300000.0,2026-05-31 08:45:22
577,585,184,35000000.0,31500000.0,3500000.0,2026-05-31 08:45:22
578,586,182,1000000.0,900000.0,100000.0,2026-05-31 08:45:22
579,587,154,1000000.0,900000.0,100000.0,2026-05-31 08:45:22
580,588,207,10000000.0,9000000.0,1000000.0,2026-05-31 08:45:22
581,589,152,1750000.0,1575000.0,175000.0,2026-05-31 08:45:22
582,590,165,500000.0,450000.0,50000.0,2026-05-31 08:45:22
583,591,211,300000.0,270000.0,30000.0,2026-05-31 08:45:22
584,592,170,1500000.0,1350000.0,150000.0,2026-05-31 08:45:22
585,593,203,1250000.0,1125000.0,125000.0,2026-05-31 08:45:22
586,594,173,30000000.0,27000000.0,3000000.0,2026-05-31 08:45:22
587,595,164,600000.0,540000.0,60000.0,2026-05-31 08:45:22
588,596,159,4000000.0,3600000.0,400000.0,2026-05-31 08:45:22
589,597,184,28000000.0,25200000.0,2800000.0,2026-05-31 08:45:22
590,598,211,2000000.0,1800000.0,200000.0,2026-05-31 08:45:22
591,599,147,10000000.0,9000000.0,1000000.0,2026-05-31 08:45:22
592,600,159,2500000.0,2250000.0,250000.0,2026-05-31 08:45:22
593,601,159,1500000.0,1350000.0,150000.0,2026-05-31 08:45:22
594,602,186,350000.0,315000.0,35000.0,2026-05-31 08:45:22
595,603,140,1000000.0,900000.0,100000.0,2026-05-31 08:45:22
596,604,215,21000000.0,18900000.0,2100000.0,2026-05-31 08:45:22
597,605,224,2000000.0,1800000.0,200000.0,2026-05-31 08:45:22
598,606,223,750000.0,675000.0,75000.0,2026-05-31 08:45:22
599,607,210,12000000.0,10800000.0,1200000.0,2026-05-31 08:45:22
600,608,186,600000.0,540000.0,60000.0,2026-05-31 08:45:22
601,609,153,12000000.0,10800000.0,1200000.0,2026-05-31 08:45:22
602,610,191,6000000.0,5400000.0,600000.0,2026-05-31 08:45:22
603,611,226,1050000.0,945000.0,105000.0,2026-05-31 08:45:22
604,612,152,10000000.0,9000000.0,1000000.0,2026-05-31 08:45:22
605,613,153,6000000.0,5400000.0,600000.0,2026-05-31 08:45:22
606,614,136,9000000.0,8100000.0,900000.0,2026-05-31 08:45:22
607,615,157,250000.0,225000.0,25000.0,2026-05-31 08:45:22
608,616,153,1500000.0,1350000.0,150000.0,2026-05-31 08:45:22
609,617,151,1400000.0,1260000.0,140000.0,2026-05-31 08:45:22
610,618,137,40000000.0,36000000.0,4000000.0,2026-05-31 08:45:22
611,619,17,5000000.0,4500000.0,500000.0,2026-05-31 08:45:22
612,620,225,7000000.0,6300000.0,700000.0,2026-05-31 08:45:22
613,621,151,700000.0,630000.0,70000.0,2026-05-31 08:45:22
614,622,148,4000000.0,3600000.0,400000.0,2026-05-31 08:45:22
615,623,149,5000000.0,4500000.0,500000.0,2026-05-31 08:45:22
616,624,173,150000.0,135000.0,15000.0,2026-05-31 08:45:22
617,625,203,6000000.0,5400000.0,600000.0,2026-05-31 08:45:22
618,626,205,12000000.0,10800000.0,1200000.0,2026-05-31 08:45:22
619,627,198,10000000.0,9000000.0,1000000.0,2026-05-31 08:45:22
620,628,182,500000.0,450000.0,50000.0,2026-05-31 08:45:22
621,629,132,7500000.0,6750000.0,750000.0,2026-05-31 08:45:22
622,630,181,20000000.0,18000000.0,2000000.0,2026-05-31 08:45:22
623,631,165,30000000.0,27000000.0,3000000.0,2026-05-31 08:45:22
624,632,132,6000000.0,5400000.0,600000.0,2026-05-31 08:45:22
625,633,213,2000000.0,1800000.0,200000.0,2026-05-31 08:45:22
626,634,215,1500000.0,1350000.0,150000.0,2026-05-31 08:45:22
627,635,200,12000000.0,10800000.0,1200000.0,2026-05-31 08:45:22
628,636,147,6000000.0,5400000.0,600000.0,2026-05-31 08:45:22
629,637,221,1000000.0,900000.0,100000.0,2026-05-31 08:45:22
630,638,190,5000000.0,4500000.0,500000.0,2026-05-31 08:45:22
631,639,186,600000.0,540000.0,60000.0,2026-05-31 08:45:22
632,640,184,700000.0,630000.0,70000.0,2026-05-31 08:45:22
633,641,195,6000000.0,5400000.0,600000.0,2026-05-31 08:45:22
634,642,134,25000000.0,22500000.0,2500000.0,2026-05-31 08:45:22
635,643,225,35000000.0,31500000.0,3500000.0,2026-05-31 08:45:22
636,644,170,14000000.0,12600000.0,1400000.0,2026-05-31 08:45:22
637,645,195,8000000.0,7200000.0,800000.0,2026-05-31 08:45:22
638,646,211,1500000.0,1350000.0,150000.0,2026-05-31 08:45:22
639,647,149,3000000.0,2700000.0,300000.0,2026-05-31 08:45:22
640,648,226,3000000.0,2700000.0,300000.0,2026-05-31 08:45:22
641,649,149,3000000.0,2700000.0,300000.0,2026-05-31 08:45:22
642,650,187,8000000.0,7200000.0,800000.0,2026-05-31 08:45:22
643,651,153,6000000.0,5400000.0,600000.0,2026-05-31 08:45:22
644,652,160,3000000.0,2700000.0,300000.0,2026-05-31 08:45:22
645,653,165,50000000.0,45000000.0,5000000.0,2026-05-31 08:45:22
646,654,207,5000000.0,4500000.0,500000.0,2026-05-31 08:45:22
647,655,180,2250000.0,2025000.0,225000.0,2026-05-31 08:45:22
648,656,205,4500000.0,4050000.0,450000.0,2026-05-31 08:45:22
649,657,130,20000000.0,18000000.0,2000000.0,2026-05-31 08:45:22
650,658,222,50000000.0,45000000.0,5000000.0,2026-05-31 08:45:22
651,659,170,3000000.0,2700000.0,300000.0,2026-05-31 08:45:22
652,660,144,8000000.0,7200000.0,800000.0,2026-05-31 08:45:22
653,661,131,4000000.0,3600000.0,400000.0,2026-05-31 08:45:22
654,662,199,6000000.0,5400000.0,600000.0,2026-05-31 08:45:22
655,663,152,1400000.0,1260000.0,140000.0,2026-05-31 08:45:22
656,664,166,2000000.0,1800000.0,200000.0,2026-05-31 08:45:22
657,665,223,300000.0,270000.0,30000.0,2026-05-31 08:45:22
658,666,195,7500000.0,6750000.0,750000.0,2026-05-31 08:45:22
659,667,203,2000000.0,1800000.0,200000.0,2026-05-31 08:45:22
660,668,209,15000000.0,13500000.0,1500000.0,2026-05-31 08:45:22
661,669,132,15000000.0,13500000.0,1500000.0,2026-05-31 08:45:22
662,670,207,15000000.0,13500000.0,1500000.0,2026-05-31 08:45:22
663,671,204,1000000.0,900000.0,100000.0,2026-05-31 08:45:22
664,672,146,4000000.0,3600000.0,400000.0,2026-05-31 08:45:22
665,673,191,8000000.0,7200000.0,800000.0,2026-05-31 08:45:22
666,674,207,5000000.0,4500000.0,500000.0,2026-05-31 08:45:22
667,675,185,7000000.0,6300000.0,700000.0,2026-05-31 08:45:22
668,676,228,2000000.0,1800000.0,200000.0,2026-05-31 08:45:22
669,677,156,600000.0,540000.0,60000.0,2026-05-31 08:45:22
670,678,150,21000000.0,18900000.0,2100000.0,2026-05-31 08:45:22
671,679,178,5000000.0,4500000.0,500000.0,2026-05-31 08:45:22
672,680,201,750000.0,675000.0,75000.0,2026-05-31 08:45:22
673,681,153,3000000.0,2700000.0,300000.0,2026-05-31 08:45:22
674,682,143,20000000.0,18000000.0,2000000.0,2026-05-31 08:45:22
675,683,146,7500000.0,6750000.0,750000.0,2026-05-31 08:45:22
676,684,178,25000000.0,22500000.0,2500000.0,2026-05-31 08:45:22
677,685,11,750000.0,675000.0,75000.0,2026-05-31 08:45:22
678,686,166,2500000.0,2250000.0,250000.0,2026-05-31 08:45:22
679,687,130,3000000.0,2700000.0,300000.0,2026-05-31 08:45:22
680,688,173,300000.0,270000.0,30000.0,2026-05-31 08:45:22
681,689,153,750000.0,675000.0,75000.0,2026-05-31 08:45:22
682,690,187,4000000.0,3600000.0,400000.0,2026-05-31 08:45:22
683,691,170,28000000.0,25200000.0,2800000.0,2026-05-31 08:45:22
684,692,214,3000000.0,2700000.0,300000.0,2026-05-31 08:45:22
685,693,134,150000.0,135000.0,15000.0,2026-05-31 08:45:22
686,694,154,1500000.0,1350000.0,150000.0,2026-05-31 08:45:22
687,695,183,3000000.0,2700000.0,300000.0,2026-05-31 08:45:22
688,696,174,700000.0,630000.0,70000.0,2026-05-31 08:45:22
689,697,156,450000.0,405000.0,45000.0,2026-05-31 08:45:22
690,698,157,750000.0,675000.0,75000.0,2026-05-31 08:45:22
691,699,148,5000000.0,4500000.0,500000.0,2026-05-31 08:45:22
692,700,156,150000.0,135000.0,15000.0,2026-05-31 08:45:22
693,701,195,10000000.0,9000000.0,1000000.0,2026-05-31 08:45:22
694,702,165,14000000.0,12600000.0,1400000.0,2026-05-31 08:45:22
695,703,130,3750000.0,3375000.0,375000.0,2026-05-31 08:45:22
696,704,221,6000000.0,5400000.0,600000.0,2026-05-31 08:45:22
697,705,11,10000000.0,9000000.0,1000000.0,2026-05-31 08:45:22
698,706,215,3000000.0,2700000.0,300000.0,2026-05-31 08:45:22
699,707,186,150000.0,135000.0,15000.0,2026-05-31 08:45:22
700,708,193,500000.0,450000.0,50000.0,2026-05-31 08:45:22
701,709,196,10000000.0,9000000.0,1000000.0,2026-05-31 08:45:22
702,710,146,4500000.0,4050000.0,450000.0,2026-05-31 08:45:22
703,711,146,2000000.0,1800000.0,200000.0,2026-05-31 08:45:22
704,712,167,12000000.0,10800000.0,1200000.0,2026-05-31 08:45:22
705,713,186,1750000.0,1575000.0,175000.0,2026-05-31 08:45:22
706,714,193,1250000.0,1125000.0,125000.0,2026-05-31 08:45:22
707,715,152,1500000.0,1350000.0,150000.0,2026-05-31 08:45:22
708,716,210,4000000.0,3600000.0,400000.0,2026-05-31 08:45:22
709,717,206,28000000.0,25200000.0,2800000.0,2026-05-31 08:45:22
710,718,164,750000.0,675000.0,75000.0,2026-05-31 08:45:22
711,719,225,14000000.0,12600000.0,1400000.0,2026-05-31 08:45:22
712,720,200,9000000.0,8100000.0,900000.0,2026-05-31 08:45:22
713,721,140,500000.0,450000.0,50000.0,2026-05-31 08:45:22
714,722,156,750000.0,675000.0,75000.0,2026-05-31 08:45:22
715,723,221,6000000.0,5400000.0,600000.0,2026-05-31 08:45:22
716,724,219,6000000.0,5400000.0,600000.0,2026-05-31 08:45:22
717,725,130,3000000.0,2700000.0,300000.0,2026-05-31 08:45:22
718,726,170,1500000.0,1350000.0,150000.0,2026-05-31 08:45:22
719,727,204,5000000.0,4500000.0,500000.0,2026-05-31 08:45:22
720,728,166,6000000.0,5400000.0,600000.0,2026-05-31 08:45:22
721,729,171,350000.0,315000.0,35000.0,2026-05-31 08:45:22
722,730,202,1250000.0,1125000.0,125000.0,2026-05-31 08:45:22
723,731,213,14000000.0,12600000.0,1400000.0,2026-05-31 08:45:22
724,732,152,1050000.0,945000.0,105000.0,2026-05-31 08:45:22
725,733,191,2000000.0,1800000.0,200000.0,2026-05-31 08:45:22
726,734,186,1500000.0,1350000.0,150000.0,2026-05-31 08:45:22
727,735,210,1000000.0,900000.0,100000.0,2026-05-31 08:45:22
728,736,203,1250000.0,1125000.0,125000.0,2026-05-31 08:45:22
729,737,205,3750000.0,3375000.0,375000.0,2026-05-31 08:45:22
730,738,149,4000000.0,3600000.0,400000.0,2026-05-31 08:45:22
731,739,176,3750000.0,3375000.0,375000.0,2026-05-31 08:45:22
732,740,226,4500000.0,4050000.0,450000.0,2026-05-31 08:45:22
733,741,137,4000000.0,3600000.0,400000.0,2026-05-31 08:45:22
734,742,225,30000000.0,27000000.0,3000000.0,2026-05-31 08:45:22
735,743,144,600000.0,540000.0,60000.0,2026-05-31 08:45:22
736,744,147,40000000.0,36000000.0,4000000.0,2026-05-31 08:45:22
737,745,147,15000000.0,13500000.0,1500000.0,2026-05-31 08:45:22
738,746,223,20000000.0,18000000.0,2000000.0,2026-05-31 08:45:22
739,747,207,4000000.0,3600000.0,400000.0,2026-05-31 08:45:22
740,748,199,6000000.0,5400000.0,600000.0,2026-05-31 08:45:22
741,749,132,7500000.0,6750000.0,750000.0,2026-05-31 08:45:22
742,750,207,14000000.0,12600000.0,1400000.0,2026-05-31 08:45:22
743,751,133,20000000.0,18000000.0,2000000.0,2026-05-31 08:45:22
744,752,195,35000000.0,31500000.0,3500000.0,2026-05-31 08:45:22
745,753,167,20000000.0,18000000.0,2000000.0,2026-05-31 08:45:22
746,754,161,25000000.0,22500000.0,2500000.0,2026-05-31 08:45:22
747,755,152,15000000.0,13500000.0,1500000.0,2026-05-31 08:45:22
748,756,137,10000000.0,9000000.0,1000000.0,2026-05-31 08:45:22
749,757,199,6000000.0,5400000.0,600000.0,2026-05-31 08:45:22
750,758,132,7500000.0,6750000.0,750000.0,2026-05-31 08:45:22
751,759,137,40000000.0,36000000.0,4000000.0,2026-05-31 08:45:22
752,760,160,9000000.0,8100000.0,900000.0,2026-05-31 08:45:22
753,761,146,3000000.0,2700000.0,300000.0,2026-05-31 08:45:22
754,762,166,1050000.0,945000.0,105000.0,2026-05-31 08:45:22
755,763,144,40000000.0,36000000.0,4000000.0,2026-05-31 08:45:22
756,764,173,50000000.0,45000000.0,5000000.0,2026-05-31 08:45:22
757,765,215,28000000.0,25200000.0,2800000.0,2026-05-31 08:45:22
758,766,219,1500000.0,1350000.0,150000.0,2026-05-31 08:45:22
759,767,130,28000000.0,25200000.0,2800000.0,2026-05-31 08:45:22
760,768,159,2000000.0,1800000.0,200000.0,2026-05-31 08:45:22
761,769,226,350000.0,315000.0,35000.0,2026-05-31 08:45:22
762,770,150,21000000.0,18900000.0,2100000.0,2026-05-31 08:45:22
763,771,182,2500000.0,2250000.0,250000.0,2026-05-31 08:45:22
764,772,191,6000000.0,5400000.0,600000.0,2026-05-31 08:45:23
765,773,190,15000000.0,13500000.0,1500000.0,2026-05-31 08:45:23
766,774,162,750000.0,675000.0,75000.0,2026-05-31 08:45:23
767,775,195,7000000.0,6300000.0,700000.0,2026-05-31 08:45:23
768,776,196,50000000.0,45000000.0,5000000.0,2026-05-31 08:45:23
769,777,143,30000000.0,27000000.0,3000000.0,2026-05-31 08:45:23
770,778,213,15000000.0,13500000.0,1500000.0,2026-05-31 08:45:23
771,779,185,35000000.0,31500000.0,3500000.0,2026-05-31 08:45:23
772,780,156,600000.0,540000.0,60000.0,2026-05-31 08:45:23
773,781,149,3000000.0,2700000.0,300000.0,2026-05-31 08:45:23
774,782,151,700000.0,630000.0,70000.0,2026-05-31 08:45:23
775,783,195,6000000.0,5400000.0,600000.0,2026-05-31 08:45:23
776,784,207,25000000.0,22500000.0,2500000.0,2026-05-31 08:45:23
777,785,144,10000000.0,9000000.0,1000000.0,2026-05-31 08:45:23
778,786,210,10000000.0,9000000.0,1000000.0,2026-05-31 08:45:23
779,787,210,1000000.0,900000.0,100000.0,2026-05-31 08:45:23
780,788,11,2000000.0,1800000.0,200000.0,2026-05-31 08:45:23
781,789,138,8000000.0,7200000.0,800000.0,2026-05-31 08:45:23
782,790,196,10000000.0,9000000.0,1000000.0,2026-05-31 08:45:23
783,791,221,450000.0,405000.0,45000.0,2026-05-31 08:45:23
784,792,166,15000000.0,13500000.0,1500000.0,2026-05-31 08:45:23
785,793,140,1500000.0,1350000.0,150000.0,2026-05-31 08:45:23
786,794,159,4000000.0,3600000.0,400000.0,2026-05-31 08:45:23
787,795,138,2000000.0,1800000.0,200000.0,2026-05-31 08:45:23
788,796,208,3000000.0,2700000.0,300000.0,2026-05-31 08:45:23
